Response Status;IdParameter
Completed;15nt6pMzywQdzLg7Rz-yWA**
Completed;15nt6pMzywRXDVHzpwHw8A**
Completed;15nt6pMzywTTOL61ztiWJQ**
Completed;15nt6pMzywQz7P4ONy8DmA**
Completed;15nt6pMzywTx7jMJbUtnag**
Completed;15nt6pMzywRJJSSkPaiTNg**
Completed;15nt6pMzywR3GO7_5PkMUw**
Completed;15nt6pMzywQDD1cIiCZwTQ**
Completed;15nt6pMzywRM72m-ROq3iQ**
Completed;15nt6pMzywRgfQeiAOy7RA**
Completed;15nt6pMzywRi2NMK4Hb84w**
Completed;15nt6pMzywRxnIl4VuVtvQ**
Completed;15nt6pMzywSULWE3l3Ffrg**
Completed;15nt6pMzywRB1Fz5lpsijQ**
Completed;15nt6pMzywRN4rupSpxYow**
Completed;15nt6pMzywSTemAe0BERSw**
Completed;15nt6pMzywS5ckrKw7ah7g**
Completed;15nt6pMzywRJSWYKEXoSkw**
Completed;15nt6pMzywTVs-Syr1eYtw**
Completed;15nt6pMzywTPadWUTnrcIw**
Completed;15nt6pMzywQZYbAYXVxC4w**
Completed;15nt6pMzywS0Im8-zm_oNw**
Completed;15nt6pMzywSxIUgbpN1fCQ**
Completed;15nt6pMzywRq5AhtISCUew**
Completed;15nt6pMzywTSiFwb33Ph-w**
Completed;15nt6pMzywSTXaLdMRJoUQ**
Completed;15nt6pMzywSwuPgx302Njg**
Completed;15nt6pMzywRrN0peoA_R0Q**
Completed;15nt6pMzywTNY5LgzE6grg**
Completed;15nt6pMzywTgHKu4wj5Ghg**
Completed;15nt6pMzywReOijJ-3aiJQ**
Completed;15nt6pMzywS2JeF-OVPYJw**
Completed;15nt6pMzywRacMjHsdpJGw**
Completed;15nt6pMzywRZpTbxLR6Nyw**
Completed;15nt6pMzywRgdR7AXQj4Nw**
Completed;15nt6pMzywRaL7gYrXlKnA**
Completed;15nt6pMzywTcgqWjAf7cwg**
Completed;15nt6pMzywQsLYN3xwLLLg**
Completed;15nt6pMzywRUEI1nijpCUA**
Completed;15nt6pMzywRpbVhFzvDKUw**
Completed;15nt6pMzywT5FYBi82ZjMw**
Completed;15nt6pMzywS5_b-Bm6RLiQ**
Completed;15nt6pMzywQ4TeruO3OYuA**
Completed;15nt6pMzywSm8oMpM-76qw**
Completed;15nt6pMzywTO8ECKlOk0Pw**
Completed;15nt6pMzywTnfQHlGiaKoA**
Completed;15nt6pMzywRabnz4WrNR0Q**
Completed;15nt6pMzywQvmkkshA-Ipw**
Completed;15nt6pMzywSQjYr-dWZFHg**
Completed;15nt6pMzywRZ_x36SyQ7fA**
Completed;15nt6pMzywQ_RQrnK5ZWYg**
Completed;15nt6pMzywSQrYwdFtV-BA**
Completed;15nt6pMzywQ726dAxFnaIA**
Completed;15nt6pMzywQ3I15EfP3DeA**
Completed;15nt6pMzywT3yrbHepmAyg**
Completed;15nt6pMzywRisfYSKPU4rg**
Completed;15nt6pMzywQULkUwSFbGjw**
Completed;15nt6pMzywTW4Kvq3nhsvQ**
Completed;15nt6pMzywT4qo-k_uFudQ**
Completed;15nt6pMzywQ1gEF5M8lMng**
Completed;15nt6pMzywRe1L7LsCtiGQ**
Completed;15nt6pMzywS-_CvSiKXRtw**
Completed;15nt6pMzywTf8h4I7YZbVw**
Completed;15nt6pMzywT282FGJCPQUw**
Completed;15nt6pMzywQxAE9Yyjz4uQ**
Completed;15nt6pMzywSZEzvPy4wjIA**
Completed;15nt6pMzywQKtj0xm6oCbw**
Completed;15nt6pMzywS9SIF75tbqrw**
Completed;15nt6pMzywRvA0tqnhcrMQ**
Completed;15nt6pMzywRvJ_lsCMQPPw**
Completed;15nt6pMzywSf5_PEq-f82A**
Completed;15nt6pMzywTU00qVvKkWsg**
Completed;15nt6pMzywSf0TyzuYfmdg**
Completed;15nt6pMzywRKPiCicpJuog**
Completed;15nt6pMzywR7YzNAs-OzUQ**
Completed;15nt6pMzywRtxIbFWBW4Eg**
Completed;15nt6pMzywSLccoyEc6gSw**
Completed;15nt6pMzywSQESA-KTtpiA**
Completed;15nt6pMzywSs7f_ZPfrN8Q**
Completed;15nt6pMzywRaECNBmAfKLg**
Completed;15nt6pMzywQX_kd7WnuA8Q**
Completed;15nt6pMzywRoAgOSV2PRbA**
Completed;15nt6pMzywTBLPpoYXjzcw**
Completed;15nt6pMzywR4oiGA2lZqWw**
Completed;15nt6pMzywSNEuQJP7b78A**
Completed;15nt6pMzywRjuhDaMt7Umw**
Completed;15nt6pMzywStbN8mO5Oxyg**
Completed;15nt6pMzywRNzaecSX7asQ**
Completed;15nt6pMzywQyvgjncrujlA**
Completed;15nt6pMzywRbFTSOxsLi4A**
Completed;15nt6pMzywSvHILrJcMGIQ**
Completed;15nt6pMzywT_EI8EHCY1aQ**
Completed;15nt6pMzywRMCe1lmLvKwQ**
Completed;15nt6pMzywTQLvIziVbsbg**
Completed;15nt6pMzywTIdazGGPNyMA**
Completed;15nt6pMzywTm-8-wzwSwVw**
Completed;15nt6pMzywTAlSaArwn6pg**
Completed;15nt6pMzywQi9GiZjbVWeA**
Completed;15nt6pMzywT37j4gdh8-cQ**
Completed;15nt6pMzywSk1T-YZxKYHg**
Completed;15nt6pMzywQ18UjS4a2GNQ**
Completed;15nt6pMzywTKQ_qyXFBRrA**
Completed;15nt6pMzywS-XCCkj0ewQg**
Completed;15nt6pMzywSK0FXH4tBTzQ**
Completed;15nt6pMzywS-FfM2veFXVA**
Completed;15nt6pMzywSDVu_ch_Hl6w**
Completed;15nt6pMzywTCsuxq9CLbsQ**
Completed;15nt6pMzywRp_5UpM1AQrQ**
Completed;15nt6pMzywR7AqUcRcXioQ**
Completed;15nt6pMzywT2Fpa9_XImEQ**
Completed;15nt6pMzywTzM5T0ihVWog**
Completed;15nt6pMzywSdezx06Qwdhg**
Completed;15nt6pMzywT0TyR0Uj14Bg**
Completed;15nt6pMzywQiUIIO97jfiA**
Completed;15nt6pMzywSgle0sUAbu1g**
Completed;15nt6pMzywQwCXNi2zSfmw**
Completed;15nt6pMzywS-TcUN_UHjPQ**
Completed;15nt6pMzywRi8zSMW9vKYQ**
Completed;15nt6pMzywShmALZZ6Kp5Q**
Completed;15nt6pMzywTiqUiRxfeZwA**
Completed;15nt6pMzywSkhWoCbzs2ng**
Completed;15nt6pMzywQGNQ24bjbj8A**
Completed;15nt6pMzywTDxqLaa4TyGA**
Completed;15nt6pMzywTSPx4XJ8chYw**
Completed;15nt6pMzywSuoLxBiKiJcQ**
Completed;15nt6pMzywQhYL6ydMl9cQ**
Completed;15nt6pMzywSdIjPoZrz--A**
Completed;15nt6pMzywQAVBGZnxJ9VQ**
Completed;15nt6pMzywQWCtpWcPN9Cg**
Completed;15nt6pMzywSQKCAeBnRgUw**
Completed;15nt6pMzywT03ElUPIIyoA**
Completed;15nt6pMzywQIh4cSlvzwmg**
Completed;15nt6pMzywRlypXDOlqiCw**
Completed;15nt6pMzywQzo9QwbPG-Ug**
Completed;15nt6pMzywQHqi6P8D8cWw**
Completed;15nt6pMzywRge0ir8Ydvdg**
Completed;15nt6pMzywQzuLAQDU-edg**
Completed;15nt6pMzywQP7BuPVT9tnw**
Completed;15nt6pMzywQlJgBPVk34zw**
Completed;15nt6pMzywRGd74bZyr78g**
Completed;15nt6pMzywSAcR9fs41sJA**
Completed;15nt6pMzywTFuQAJkAqXeQ**
Completed;15nt6pMzywQocslVh8mHkg**
Completed;15nt6pMzywQ4mXKsfutsDQ**
Completed;15nt6pMzywRG8Dpxq8MwvA**
Completed;15nt6pMzywQCpKbPe81jvw**
Completed;15nt6pMzywRqQXl2wTH8ww**
Completed;15nt6pMzywQ2oOf5pCWUWg**
Completed;15nt6pMzywQkNMLxUhzWpg**
Completed;15nt6pMzywS96nQfKlbISg**
Completed;15nt6pMzywS5vBnR8aRgiw**
Completed;15nt6pMzywQOowOS4mbD3A**
Completed;15nt6pMzywTuKgrT_hBEdQ**
Completed;15nt6pMzywTROt4WpBVbPA**
Completed;15nt6pMzywTA3x7fuk215A**
Completed;15nt6pMzywT_0xFBbAILBQ**
Completed;15nt6pMzywR0DrDLRrb_TA**
Completed;15nt6pMzywRkQ0YKPqC5yw**
Completed;15nt6pMzywSrEynJYnY2vw**
Completed;15nt6pMzywRCObHpyroHEA**
Completed;15nt6pMzywRU_4hojOEGCA**
Completed;15nt6pMzywSC6zymmYd4Hw**
Completed;15nt6pMzywSCpSHvQGod5A**
Completed;15nt6pMzywTA8labMuad_Q**
Completed;15nt6pMzywRm4Jqhxl9ErA**
Completed;15nt6pMzywSAHjZsof-4wg**
Completed;15nt6pMzywRQNlmyAeqsNw**
Completed;15nt6pMzywT-f-H6qQ7bUw**
Completed;15nt6pMzywSiaLCrmkA51w**
Completed;15nt6pMzywQYFfvO0IRudg**
Completed;15nt6pMzywQrweZkJ5gDyg**
Completed;15nt6pMzywSMRwzX2QedNg**
Completed;15nt6pMzywR4I9HQSEYvvw**
Completed;15nt6pMzywTmW9YTc6MqdQ**
Completed;15nt6pMzywT7kxY_1NtXIw**
Completed;15nt6pMzywSzYWOIZUq2Tg**
Completed;15nt6pMzywSMkkA-VUhzbg**
Completed;15nt6pMzywR1onLN7OfGJQ**
Completed;15nt6pMzywTa9GpBA-SxQw**
Completed;15nt6pMzywSrdEKU8ZGTZQ**
Completed;15nt6pMzywQ5x2oGXafsag**
Completed;15nt6pMzywTPiqyvSvProA**
Completed;15nt6pMzywQ-BwGVD4lieg**
Completed;15nt6pMzywSjTM0ece1-yg**
Completed;15nt6pMzywTiKvqIKF_xZA**
Completed;15nt6pMzywTOmxeprc3rJA**
Completed;15nt6pMzywQs7y-99NcS3g**
Completed;15nt6pMzywRCtDouD1dYiQ**
Completed;15nt6pMzywTq1dBYmSQAmQ**
Completed;15nt6pMzywTc47xerOC-cQ**
Completed;15nt6pMzywSh84oDxwELMw**
Completed;15nt6pMzywT_Z_wWe4Um-Q**
Completed;15nt6pMzywQlYrORZNqnOg**
Completed;15nt6pMzywTZAYWF3AT4-Q**
Completed;15nt6pMzywSf3e85sRQp3g**
Completed;15nt6pMzywSemiJVVZs5Kg**
Completed;15nt6pMzywSY2ISHBp_jXg**
Completed;15nt6pMzywRdnHnipIhdzA**
Completed;15nt6pMzywRVm8VP65GT8g**
Completed;15nt6pMzywRAV_RTBCKtGg**
Completed;15nt6pMzywRXrXdgLVszyA**
Completed;15nt6pMzywTqW1sZICVOTQ**
Completed;15nt6pMzywQPcWNnwSq8cQ**
Completed;15nt6pMzywQ_CInHB-DNhQ**
Completed;15nt6pMzywTkSKbDZPi2Kg**
Completed;15nt6pMzywSboCVxu7tyPA**
Completed;15nt6pMzywQAkh9H6lLFCA**
Completed;15nt6pMzywQsF-04EExOZA**
Completed;15nt6pMzywRYeXs7CFP3aQ**
Completed;15nt6pMzywT_TxQoxXtZLg**
Completed;15nt6pMzywQ9kxmqSLYrjw**
Completed;15nt6pMzywQpKZNoYe07RA**
Completed;15nt6pMzywTtmbHrAlS7aA**
Completed;15nt6pMzywRvaHkTt2RNkA**
Completed;15nt6pMzywTDKaWCpKQ_GQ**
Completed;15nt6pMzywSz29swPf_WIw**
Completed;15nt6pMzywS5D2QAVHfg9A**
Completed;15nt6pMzywS4fA5yo6_DOg**
Completed;15nt6pMzywR6xs66OhBFtw**
Completed;15nt6pMzywQ2WF_CyRF5Fw**
Completed;15nt6pMzywR1VHEq7p1sTQ**
Completed;15nt6pMzywT6bH8H7TDa1g**
Completed;15nt6pMzywQItSOpIQ0V1A**
Completed;15nt6pMzywQnrN2j-dhD3A**
Completed;15nt6pMzywTW4JTUUqzQpw**
Completed;15nt6pMzywRafqqumDG8EQ**
Completed;15nt6pMzywQ90jFJeVLcRQ**
Completed;15nt6pMzywTVMQW92z_zAA**
Completed;15nt6pMzywRgRe3szsyW0w**
Completed;15nt6pMzywQQVNNIDEN22w**
Completed;15nt6pMzywQWYcojkjFhcg**
Completed;15nt6pMzywQD1JREArgjHQ**
Completed;15nt6pMzywRNoZj6ycfJ4w**
Completed;15nt6pMzywSaOJu4ILGq3A**
Completed;15nt6pMzywQwuC1xDl3lDQ**
Completed;15nt6pMzywQVbxmTs6fM1A**
Completed;15nt6pMzywSqERlnAqqbGg**
Completed;15nt6pMzywTx_gpwB3OriA**
Completed;15nt6pMzywQwWvaiUfgZBg**
Completed;15nt6pMzywS3x9ugNjvLnQ**
Completed;15nt6pMzywQYZmCy4JP_uQ**
Completed;15nt6pMzywSU82mDs1Fhow**
Completed;15nt6pMzywTaJ_Dicn5MHg**
Completed;15nt6pMzywQ8OCLvvf07IA**
Completed;15nt6pMzywRI-xxUuhpXAQ**
Completed;15nt6pMzywTIAlpHcj4mfA**
Completed;15nt6pMzywTlzHoq9dunMA**
Completed;15nt6pMzywRNTOiHWOqBDg**
Completed;15nt6pMzywSuAD-HWE1BfA**
Completed;15nt6pMzywRH33D5jXfHnw**
Completed;15nt6pMzywQGLS_pfEe5vQ**
Completed;15nt6pMzywSJ-wVcyeO-Dg**
Completed;15nt6pMzywSYURI0VLU5xA**
Completed;15nt6pMzywQdigNCkf7qOg**
Completed;15nt6pMzywTxwIfQigjx0A**
Completed;15nt6pMzywQF-rHZYLKYSQ**
Completed;15nt6pMzywRSRwQ87vuZNQ**
Completed;15nt6pMzywRGfLs0U9MfNA**
Completed;15nt6pMzywTVYiCR77na8g**
Completed;15nt6pMzywTVWBRLxNvaow**
Completed;15nt6pMzywTY8JvQCEm7IA**
Completed;15nt6pMzywQopQECbA8oKA**
Completed;15nt6pMzywS6dRwdaQRxzQ**
Completed;15nt6pMzywTrdeppHG-6RA**
Completed;15nt6pMzywRgU0SQQzB89w**
Completed;15nt6pMzywQFl1yTXjXrHw**
Completed;15nt6pMzywS7fXrEK7A1jQ**
Completed;15nt6pMzywS6Wi6VU_cwaw**
Completed;15nt6pMzywQDEHdn_GnATw**
Completed;15nt6pMzywTZ6cUJ-g52Cw**
Completed;15nt6pMzywRVU7OEcYRmEQ**
Completed;15nt6pMzywTCeHqVJz7McA**
Completed;15nt6pMzywQziE687RsK9g**
Completed;15nt6pMzywQMOn_hB93kfA**
Completed;15nt6pMzywQGGkhh8NH04g**
Completed;15nt6pMzywQWDxYJElOGHA**
Completed;15nt6pMzywSYF6ub5Y9kQA**
Completed;15nt6pMzywQDf1LqoxIcLA**
Completed;15nt6pMzywQVmbm7pHjcYA**
Completed;15nt6pMzywRJPT1WYTBBtw**
Completed;15nt6pMzywQUYWZO8d8B5g**
Completed;15nt6pMzywS8jT56IwJf9g**
Completed;15nt6pMzywT_d4JX3vw3tQ**
Completed;15nt6pMzywSb5E5-2s8S8A**
Completed;15nt6pMzywRHPSHkwUNaUA**
Completed;15nt6pMzywS9uO9_j422Hw**
Completed;15nt6pMzywR936IQcU62HQ**
Completed;15nt6pMzywRxNl7fBloQ1A**
Completed;15nt6pMzywQxU4Y4FptWmQ**
Completed;15nt6pMzywQ9GGYnUxuCaQ**
Completed;15nt6pMzywTDVUxLqz1Abg**
Completed;15nt6pMzywQnnrQVbDF_ig**
Completed;15nt6pMzywT29fB5VdHB1g**
Completed;15nt6pMzywQDAq54Nj05eQ**
Completed;15nt6pMzywTokd3CI2mh0g**
Completed;15nt6pMzywSm_x7eTazn7Q**
Completed;15nt6pMzywTI8kHq-H2lyA**
Completed;15nt6pMzywR-Hq8ZbulvvA**
Completed;15nt6pMzywTpnyYj26GL-Q**
Completed;15nt6pMzywQd-8h1_wrp3Q**
Completed;15nt6pMzywSoOKDGmajGIA**
Completed;15nt6pMzywR46eraXarhCA**
Completed;15nt6pMzywRjciROtrm_0Q**
Completed;15nt6pMzywQlWwgtQaoIXw**
Completed;15nt6pMzywSDIJsruABDtQ**
Completed;15nt6pMzywRedoF3BYGiXQ**
Completed;15nt6pMzywS-T7QuQpe4wg**
Completed;15nt6pMzywTtsCl5Hu09Nw**
Completed;15nt6pMzywTgeGYot6DjVg**
Completed;15nt6pMzywSzPSfkECrftw**
Completed;15nt6pMzywQzVqF1PUgZsA**
Completed;15nt6pMzywRaQCnDLoAOAw**
Completed;15nt6pMzywSEa_5x5R87sQ**
Completed;15nt6pMzywSZ7s-YJVi1ew**
Completed;15nt6pMzywTzRVabwgqRuA**
Completed;15nt6pMzywSpCWKJlVLR_g**
Completed;15nt6pMzywR3-vkTWkxA6w**
Completed;15nt6pMzywRrXxYyW8fEQg**
Completed;15nt6pMzywTdUm-Hz6ebNg**
Completed;15nt6pMzywQfZGJjFKXm9Q**
Completed;15nt6pMzywRbn3RqlhUD4Q**
Completed;15nt6pMzywShMj4zZML4cg**
Completed;15nt6pMzywTGzKkCC_fipA**
Completed;15nt6pMzywTBN3C9FR-rRQ**
Completed;15nt6pMzywQsX5a-IGm-9A**
Completed;15nt6pMzywRtDTOyccDhsg**
Completed;15nt6pMzywRxkZHvytyN_w**
Completed;15nt6pMzywTRMxrD8lnwLQ**
Completed;15nt6pMzywTZbyrCygc6mQ**
Completed;15nt6pMzywSsONA4lv_acQ**
Completed;15nt6pMzywRUIpd4j9cJmw**
Completed;15nt6pMzywSUJ241y5xMVA**
Completed;15nt6pMzywTYJiTcFy_IeQ**
Completed;15nt6pMzywQckJmbT6QeCA**
Completed;15nt6pMzywR111YJn4Iqig**
Completed;15nt6pMzywTDn2M7PdddbA**
Completed;15nt6pMzywTyQptcWH6grg**
Completed;15nt6pMzywTDO7X_uvHSmw**
Completed;15nt6pMzywTRQ3J4i0tqHg**
Completed;15nt6pMzywTmPvrSrvX-ZA**
Completed;15nt6pMzywTmTaYcWRO0Nw**
Completed;15nt6pMzywSzESsONdAvew**
Completed;15nt6pMzywQecY7CsQ8jag**
Completed;15nt6pMzywQ_JV7Gvba5nw**
Completed;15nt6pMzywQIpcbOc4sGZQ**
