(PRIME) DK Entity id,Response Status,Language (of panelist),Country (of panelist),GeoIP Country,Survey URL,Survey Start,Survey End,IdParameter
1087463957,Completed,English (US),United States of America,UNITED STATES,http://middlebury.qualtrics.com/jfe/form/SV_0oZ5Lc5H2vl0EF8?psid=15nt6pMzywQdzLg7Rz-yWA**&1087463957,1/19/2021 16:04,1/19/2021 17:35,15nt6pMzywQdzLg7Rz-yWA**
1131867250,Completed,English (US),United States of America,UNITED STATES,http://middlebury.qualtrics.com/jfe/form/SV_0oZ5Lc5H2vl0EF8?psid=15nt6pMzywRXDVHzpwHw8A**&1131867250,1/18/2021 8:50,1/18/2021 9:14,15nt6pMzywRXDVHzpwHw8A**
1132114311,Completed,English (US),United States of America,UNITED STATES,http://middlebury.qualtrics.com/jfe/form/SV_0oZ5Lc5H2vl0EF8?psid=15nt6pMzywTTOL61ztiWJQ**&1132114311,1/18/2021 14:05,1/18/2021 14:18,15nt6pMzywTTOL61ztiWJQ**
1236211771,Completed,English (US),United States of America,UNITED STATES,http://middlebury.qualtrics.com/jfe/form/SV_0oZ5Lc5H2vl0EF8?psid=15nt6pMzywQz7P4ONy8DmA**&1236211771,1/19/2021 17:21,1/19/2021 17:46,15nt6pMzywQz7P4ONy8DmA**
1304323099,Completed,English (US),United States of America,UNITED STATES,http://middlebury.qualtrics.com/jfe/form/SV_0oZ5Lc5H2vl0EF8?psid=15nt6pMzywTx7jMJbUtnag**&1304323099,1/18/2021 12:19,1/18/2021 12:32,15nt6pMzywTx7jMJbUtnag**
1350531252,Completed,English (US),United States of America,UNITED STATES,http://middlebury.qualtrics.com/jfe/form/SV_0oZ5Lc5H2vl0EF8?psid=15nt6pMzywRJJSSkPaiTNg**&1350531252,1/18/2021 12:52,1/18/2021 13:12,15nt6pMzywRJJSSkPaiTNg**
1439314795,Completed,English (US),United States of America,UNITED STATES,http://middlebury.qualtrics.com/jfe/form/SV_0oZ5Lc5H2vl0EF8?psid=15nt6pMzywR3GO7_5PkMUw**&1439314795,1/19/2021 19:07,1/19/2021 19:26,15nt6pMzywR3GO7_5PkMUw**
1443998190,Completed,English (US),United States of America,UNITED STATES,http://middlebury.qualtrics.com/jfe/form/SV_0oZ5Lc5H2vl0EF8?psid=15nt6pMzywQDD1cIiCZwTQ**&1443998190,1/21/2021 5:02,1/21/2021 6:20,15nt6pMzywQDD1cIiCZwTQ**
1471301803,Completed,English (US),United States of America,UNITED STATES,http://middlebury.qualtrics.com/jfe/form/SV_0oZ5Lc5H2vl0EF8?psid=15nt6pMzywRM72m-ROq3iQ**&1471301803,1/22/2021 9:37,1/22/2021 9:58,15nt6pMzywRM72m-ROq3iQ**
1501025910,Completed,English (US),United States of America,UNITED STATES,http://middlebury.qualtrics.com/jfe/form/SV_0oZ5Lc5H2vl0EF8?psid=15nt6pMzywRgfQeiAOy7RA**&1501025910,1/18/2021 12:26,1/18/2021 12:52,15nt6pMzywRgfQeiAOy7RA**
1501138128,Completed,English (US),United States of America,UNITED STATES,http://middlebury.qualtrics.com/jfe/form/SV_0oZ5Lc5H2vl0EF8?psid=15nt6pMzywRi2NMK4Hb84w**&1501138128,1/18/2021 14:09,1/18/2021 15:04,15nt6pMzywRi2NMK4Hb84w**
1501183884,Completed,English (US),United States of America,UNITED STATES,http://middlebury.qualtrics.com/jfe/form/SV_0oZ5Lc5H2vl0EF8?psid=15nt6pMzywRxnIl4VuVtvQ**&1501183884,1/18/2021 14:05,1/18/2021 14:27,15nt6pMzywRxnIl4VuVtvQ**
1501304613,Completed,English (US),United States of America,UNITED STATES,http://middlebury.qualtrics.com/jfe/form/SV_0oZ5Lc5H2vl0EF8?psid=15nt6pMzywSULWE3l3Ffrg**&1501304613,1/19/2021 15:10,1/19/2021 15:26,15nt6pMzywSULWE3l3Ffrg**
1501307085,Completed,English (US),United States of America,UNITED STATES,http://middlebury.qualtrics.com/jfe/form/SV_0oZ5Lc5H2vl0EF8?psid=15nt6pMzywRB1Fz5lpsijQ**&1501307085,1/18/2021 12:05,1/18/2021 12:36,15nt6pMzywRB1Fz5lpsijQ**
1501821201,Completed,English (US),United States of America,UNITED STATES,http://middlebury.qualtrics.com/jfe/form/SV_0oZ5Lc5H2vl0EF8?psid=15nt6pMzywRN4rupSpxYow**&1501821201,1/18/2021 16:06,1/18/2021 17:31,15nt6pMzywRN4rupSpxYow**
1502035097,Completed,English (US),United States of America,UNITED STATES,http://middlebury.qualtrics.com/jfe/form/SV_0oZ5Lc5H2vl0EF8?psid=15nt6pMzywSTemAe0BERSw**&1502035097,1/19/2021 18:50,1/19/2021 19:26,15nt6pMzywSTemAe0BERSw**
1502036504,Completed,English (US),United States of America,UNITED STATES,http://middlebury.qualtrics.com/jfe/form/SV_0oZ5Lc5H2vl0EF8?psid=15nt6pMzywS5ckrKw7ah7g**&1502036504,1/18/2021 12:53,1/18/2021 13:05,15nt6pMzywS5ckrKw7ah7g**
1502066682,Completed,English (US),United States of America,UNITED STATES,http://middlebury.qualtrics.com/jfe/form/SV_0oZ5Lc5H2vl0EF8?psid=15nt6pMzywRJSWYKEXoSkw**&1502066682,1/18/2021 19:03,1/18/2021 19:25,15nt6pMzywRJSWYKEXoSkw**
1502066902,Completed,English (US),United States of America,UNITED STATES,http://middlebury.qualtrics.com/jfe/form/SV_0oZ5Lc5H2vl0EF8?psid=15nt6pMzywTVs-Syr1eYtw**&1502066902,1/18/2021 12:01,1/18/2021 12:45,15nt6pMzywTVs-Syr1eYtw**
1502105678,Completed,English (US),United States of America,UNITED STATES,http://middlebury.qualtrics.com/jfe/form/SV_0oZ5Lc5H2vl0EF8?psid=15nt6pMzywTPadWUTnrcIw**&1502105678,1/18/2021 18:34,1/18/2021 18:53,15nt6pMzywTPadWUTnrcIw**
1502122204,Completed,English (US),United States of America,UNITED STATES,http://middlebury.qualtrics.com/jfe/form/SV_0oZ5Lc5H2vl0EF8?psid=15nt6pMzywQZYbAYXVxC4w**&1502122204,1/18/2021 12:20,1/18/2021 12:35,15nt6pMzywQZYbAYXVxC4w**
1502220230,Completed,English (US),United States of America,UNITED STATES,http://middlebury.qualtrics.com/jfe/form/SV_0oZ5Lc5H2vl0EF8?psid=15nt6pMzywS0Im8-zm_oNw**&1502220230,1/19/2021 20:08,1/19/2021 20:22,15nt6pMzywS0Im8-zm_oNw**
1502350988,Completed,English (US),United States of America,UNITED STATES,http://middlebury.qualtrics.com/jfe/form/SV_0oZ5Lc5H2vl0EF8?psid=15nt6pMzywSxIUgbpN1fCQ**&1502350988,1/18/2021 19:09,1/18/2021 19:23,15nt6pMzywSxIUgbpN1fCQ**
1502368963,Completed,English (US),United States of America,UNITED STATES,http://middlebury.qualtrics.com/jfe/form/SV_0oZ5Lc5H2vl0EF8?psid=15nt6pMzywRq5AhtISCUew**&1502368963,1/18/2021 11:03,1/18/2021 11:28,15nt6pMzywRq5AhtISCUew**
1502395784,Completed,English (US),United States of America,UNITED STATES,http://middlebury.qualtrics.com/jfe/form/SV_0oZ5Lc5H2vl0EF8?psid=15nt6pMzywTSiFwb33Ph-w**&1502395784,1/18/2021 17:04,1/18/2021 17:35,15nt6pMzywTSiFwb33Ph-w**
1502403355,Completed,English (US),United States of America,UNITED STATES,http://middlebury.qualtrics.com/jfe/form/SV_0oZ5Lc5H2vl0EF8?psid=15nt6pMzywSTXaLdMRJoUQ**&1502403355,1/19/2021 17:21,1/19/2021 17:43,15nt6pMzywSTXaLdMRJoUQ**
1502573516,Completed,English (US),United States of America,,http://middlebury.qualtrics.com/jfe/form/SV_0oZ5Lc5H2vl0EF8?psid=15nt6pMzywSwuPgx302Njg**&1502573516,1/19/2021 23:55,1/20/2021 0:57,15nt6pMzywSwuPgx302Njg**
1502610925,Completed,English (US),United States of America,UNITED STATES,http://middlebury.qualtrics.com/jfe/form/SV_0oZ5Lc5H2vl0EF8?psid=15nt6pMzywRrN0peoA_R0Q**&1502610925,1/20/2021 14:40,1/20/2021 14:58,15nt6pMzywRrN0peoA_R0Q**
1502774177,Completed,English (US),United States of America,UNITED STATES,http://middlebury.qualtrics.com/jfe/form/SV_0oZ5Lc5H2vl0EF8?psid=15nt6pMzywTNY5LgzE6grg**&1502774177,1/19/2021 15:03,1/19/2021 15:26,15nt6pMzywTNY5LgzE6grg**
1502780868,Completed,English (US),United States of America,UNITED STATES,http://middlebury.qualtrics.com/jfe/form/SV_0oZ5Lc5H2vl0EF8?psid=15nt6pMzywTgHKu4wj5Ghg**&1502780868,1/19/2021 13:07,1/19/2021 13:23,15nt6pMzywTgHKu4wj5Ghg**
1502926024,Completed,English (US),United States of America,UNITED STATES,http://middlebury.qualtrics.com/jfe/form/SV_0oZ5Lc5H2vl0EF8?psid=15nt6pMzywReOijJ-3aiJQ**&1502926024,1/21/2021 6:32,1/21/2021 6:48,15nt6pMzywReOijJ-3aiJQ**
1502932342,Completed,English (US),United States of America,UNITED STATES,http://middlebury.qualtrics.com/jfe/form/SV_0oZ5Lc5H2vl0EF8?psid=15nt6pMzywS2JeF-OVPYJw**&1502932342,1/18/2021 19:03,1/18/2021 19:28,15nt6pMzywS2JeF-OVPYJw**
1502982184,Completed,English (US),United States of America,UNITED STATES,http://middlebury.qualtrics.com/jfe/form/SV_0oZ5Lc5H2vl0EF8?psid=15nt6pMzywRacMjHsdpJGw**&1502982184,1/20/2021 7:54,1/20/2021 8:18,15nt6pMzywRacMjHsdpJGw**
1502984480,Completed,English (US),United States of America,UNITED STATES,http://middlebury.qualtrics.com/jfe/form/SV_0oZ5Lc5H2vl0EF8?psid=15nt6pMzywRZpTbxLR6Nyw**&1502984480,1/18/2021 11:19,1/18/2021 11:33,15nt6pMzywRZpTbxLR6Nyw**
1503505099,Completed,English (US),United States of America,UNITED STATES,http://middlebury.qualtrics.com/jfe/form/SV_0oZ5Lc5H2vl0EF8?psid=15nt6pMzywRgdR7AXQj4Nw**&1503505099,1/19/2021 16:06,1/19/2021 16:56,15nt6pMzywRgdR7AXQj4Nw**
1503516811,Completed,English (US),United States of America,UNITED STATES,http://middlebury.qualtrics.com/jfe/form/SV_0oZ5Lc5H2vl0EF8?psid=15nt6pMzywRaL7gYrXlKnA**&1503516811,1/19/2021 16:06,1/19/2021 16:19,15nt6pMzywRaL7gYrXlKnA**
1503517342,Completed,English (US),United States of America,UNITED STATES,http://middlebury.qualtrics.com/jfe/form/SV_0oZ5Lc5H2vl0EF8?psid=15nt6pMzywTcgqWjAf7cwg**&1503517342,1/19/2021 16:08,1/19/2021 16:23,15nt6pMzywTcgqWjAf7cwg**
1503523894,Completed,English (US),United States of America,UNITED STATES,http://middlebury.qualtrics.com/jfe/form/SV_0oZ5Lc5H2vl0EF8?psid=15nt6pMzywQsLYN3xwLLLg**&1503523894,1/18/2021 16:21,1/18/2021 16:34,15nt6pMzywQsLYN3xwLLLg**
1503531882,Completed,English (US),United States of America,UNITED STATES,http://middlebury.qualtrics.com/jfe/form/SV_0oZ5Lc5H2vl0EF8?psid=15nt6pMzywRUEI1nijpCUA**&1503531882,1/19/2021 17:24,1/19/2021 17:46,15nt6pMzywRUEI1nijpCUA**
1503541244,Completed,English (US),United States of America,UNITED STATES,http://middlebury.qualtrics.com/jfe/form/SV_0oZ5Lc5H2vl0EF8?psid=15nt6pMzywRpbVhFzvDKUw**&1503541244,1/18/2021 12:53,1/18/2021 13:11,15nt6pMzywRpbVhFzvDKUw**
1503555110,Completed,English (US),United States of America,,http://middlebury.qualtrics.com/jfe/form/SV_0oZ5Lc5H2vl0EF8?psid=15nt6pMzywT5FYBi82ZjMw**&1503555110,1/19/2021 13:04,1/19/2021 13:25,15nt6pMzywT5FYBi82ZjMw**
1503555606,Completed,English (US),United States of America,UNITED STATES,http://middlebury.qualtrics.com/jfe/form/SV_0oZ5Lc5H2vl0EF8?psid=15nt6pMzywS5_b-Bm6RLiQ**&1503555606,1/19/2021 17:25,1/19/2021 17:44,15nt6pMzywS5_b-Bm6RLiQ**
1503610319,Completed,English (US),United States of America,UNITED STATES,http://middlebury.qualtrics.com/jfe/form/SV_0oZ5Lc5H2vl0EF8?psid=15nt6pMzywQ4TeruO3OYuA**&1503610319,1/18/2021 12:52,1/18/2021 13:35,15nt6pMzywQ4TeruO3OYuA**
1503968395,Completed,English (US),United States of America,UNITED STATES,http://middlebury.qualtrics.com/jfe/form/SV_0oZ5Lc5H2vl0EF8?psid=15nt6pMzywSm8oMpM-76qw**&1503968395,1/20/2021 0:44,1/20/2021 1:06,15nt6pMzywSm8oMpM-76qw**
1504685070,Completed,English (US),United States of America,UNITED STATES,http://middlebury.qualtrics.com/jfe/form/SV_0oZ5Lc5H2vl0EF8?psid=15nt6pMzywTO8ECKlOk0Pw**&1504685070,1/19/2021 18:41,1/19/2021 18:54,15nt6pMzywTO8ECKlOk0Pw**
1504750682,Completed,English (US),United States of America,UNITED STATES,http://middlebury.qualtrics.com/jfe/form/SV_0oZ5Lc5H2vl0EF8?psid=15nt6pMzywTnfQHlGiaKoA**&1504750682,1/18/2021 17:03,1/18/2021 17:22,15nt6pMzywTnfQHlGiaKoA**
1504847841,Completed,English (US),United States of America,UNITED STATES,http://middlebury.qualtrics.com/jfe/form/SV_0oZ5Lc5H2vl0EF8?psid=15nt6pMzywRabnz4WrNR0Q**&1504847841,1/20/2021 7:40,1/20/2021 13:14,15nt6pMzywRabnz4WrNR0Q**
1504993248,Completed,English (US),United States of America,UNITED STATES,http://middlebury.qualtrics.com/jfe/form/SV_0oZ5Lc5H2vl0EF8?psid=15nt6pMzywQvmkkshA-Ipw**&1504993248,1/20/2021 6:54,1/20/2021 7:08,15nt6pMzywQvmkkshA-Ipw**
1505710905,Completed,English (US),United States of America,,http://middlebury.qualtrics.com/jfe/form/SV_0oZ5Lc5H2vl0EF8?psid=15nt6pMzywSQjYr-dWZFHg**&1505710905,1/18/2021 16:04,1/18/2021 16:29,15nt6pMzywSQjYr-dWZFHg**
1508134926,Completed,English (US),United States of America,UNITED STATES,http://middlebury.qualtrics.com/jfe/form/SV_0oZ5Lc5H2vl0EF8?psid=15nt6pMzywRZ_x36SyQ7fA**&1508134926,1/19/2021 20:34,1/19/2021 20:50,15nt6pMzywRZ_x36SyQ7fA**
1509086252,Completed,English (US),United States of America,UNITED STATES,http://middlebury.qualtrics.com/jfe/form/SV_0oZ5Lc5H2vl0EF8?psid=15nt6pMzywQ_RQrnK5ZWYg**&1509086252,1/19/2021 16:07,1/19/2021 16:34,15nt6pMzywQ_RQrnK5ZWYg**
1514032004,Completed,English (US),United States of America,UNITED STATES,http://middlebury.qualtrics.com/jfe/form/SV_0oZ5Lc5H2vl0EF8?psid=15nt6pMzywSQrYwdFtV-BA**&1514032004,1/18/2021 16:08,1/18/2021 16:24,15nt6pMzywSQrYwdFtV-BA**
1527925823,Completed,English (US),United States of America,UNITED STATES,http://middlebury.qualtrics.com/jfe/form/SV_0oZ5Lc5H2vl0EF8?psid=15nt6pMzywQ726dAxFnaIA**&1527925823,1/19/2021 15:03,1/19/2021 15:18,15nt6pMzywQ726dAxFnaIA**
1528084904,Completed,English (US),United States of America,UNITED STATES,http://middlebury.qualtrics.com/jfe/form/SV_0oZ5Lc5H2vl0EF8?psid=15nt6pMzywQ3I15EfP3DeA**&1528084904,1/21/2021 5:01,1/21/2021 5:27,15nt6pMzywQ3I15EfP3DeA**
1577061926,Completed,English (US),United States of America,UNITED STATES,http://middlebury.qualtrics.com/jfe/form/SV_0oZ5Lc5H2vl0EF8?psid=15nt6pMzywT3yrbHepmAyg**&1577061926,1/19/2021 20:29,1/19/2021 20:41,15nt6pMzywT3yrbHepmAyg**
1580644807,Completed,English (US),United States of America,UNITED STATES,http://middlebury.qualtrics.com/jfe/form/SV_0oZ5Lc5H2vl0EF8?psid=15nt6pMzywRisfYSKPU4rg**&1580644807,1/19/2021 15:41,1/19/2021 16:03,15nt6pMzywRisfYSKPU4rg**
1601414366,Completed,English (US),United States of America,UNITED STATES,http://middlebury.qualtrics.com/jfe/form/SV_0oZ5Lc5H2vl0EF8?psid=15nt6pMzywQULkUwSFbGjw**&1601414366,1/18/2021 16:23,1/18/2021 16:44,15nt6pMzywQULkUwSFbGjw**
1610447616,Completed,English (US),United States of America,UNITED STATES,http://middlebury.qualtrics.com/jfe/form/SV_0oZ5Lc5H2vl0EF8?psid=15nt6pMzywTW4Kvq3nhsvQ**&1610447616,1/19/2021 19:13,1/19/2021 20:08,15nt6pMzywTW4Kvq3nhsvQ**
1611228202,Completed,English (US),United States of America,UNITED STATES,http://middlebury.qualtrics.com/jfe/form/SV_0oZ5Lc5H2vl0EF8?psid=15nt6pMzywT4qo-k_uFudQ**&1611228202,1/19/2021 13:08,1/19/2021 13:24,15nt6pMzywT4qo-k_uFudQ**
1629729499,Completed,English (US),United States of America,UNITED STATES,http://middlebury.qualtrics.com/jfe/form/SV_0oZ5Lc5H2vl0EF8?psid=15nt6pMzywQ1gEF5M8lMng**&1629729499,1/18/2021 14:06,1/18/2021 14:31,15nt6pMzywQ1gEF5M8lMng**
1664029165,Completed,English (US),United States of America,UNITED STATES,http://middlebury.qualtrics.com/jfe/form/SV_0oZ5Lc5H2vl0EF8?psid=15nt6pMzywRe1L7LsCtiGQ**&1664029165,1/18/2021 18:08,1/18/2021 18:25,15nt6pMzywRe1L7LsCtiGQ**
1676344123,Completed,English (US),United States of America,UNITED STATES,http://middlebury.qualtrics.com/jfe/form/SV_0oZ5Lc5H2vl0EF8?psid=15nt6pMzywS-_CvSiKXRtw**&1676344123,1/18/2021 17:21,1/18/2021 17:44,15nt6pMzywS-_CvSiKXRtw**
1681799550,Completed,English (US),United States of America,UNITED STATES,http://middlebury.qualtrics.com/jfe/form/SV_0oZ5Lc5H2vl0EF8?psid=15nt6pMzywTf8h4I7YZbVw**&1681799550,1/18/2021 11:05,1/18/2021 11:21,15nt6pMzywTf8h4I7YZbVw**
1693127936,Completed,English (US),United States of America,UNITED STATES,http://middlebury.qualtrics.com/jfe/form/SV_0oZ5Lc5H2vl0EF8?psid=15nt6pMzywT282FGJCPQUw**&1693127936,1/18/2021 9:34,1/18/2021 9:49,15nt6pMzywT282FGJCPQUw**
1693130642,Completed,English (US),United States of America,UNITED STATES,http://middlebury.qualtrics.com/jfe/form/SV_0oZ5Lc5H2vl0EF8?psid=15nt6pMzywQxAE9Yyjz4uQ**&1693130642,1/18/2021 8:54,1/18/2021 9:14,15nt6pMzywQxAE9Yyjz4uQ**
1694876371,Completed,English (US),United States of America,UNITED STATES,http://middlebury.qualtrics.com/jfe/form/SV_0oZ5Lc5H2vl0EF8?psid=15nt6pMzywSZEzvPy4wjIA**&1694876371,1/18/2021 9:34,1/18/2021 10:21,15nt6pMzywSZEzvPy4wjIA**
1709980964,Completed,English (US),United States of America,UNITED STATES,http://middlebury.qualtrics.com/jfe/form/SV_0oZ5Lc5H2vl0EF8?psid=15nt6pMzywQKtj0xm6oCbw**&1709980964,1/18/2021 16:05,1/18/2021 16:31,15nt6pMzywQKtj0xm6oCbw**
1713257562,Completed,English (US),United States of America,UNITED STATES,http://middlebury.qualtrics.com/jfe/form/SV_0oZ5Lc5H2vl0EF8?psid=15nt6pMzywS9SIF75tbqrw**&1713257562,1/18/2021 9:38,1/18/2021 10:02,15nt6pMzywS9SIF75tbqrw**
1725001630,Completed,English (US),United States of America,UNITED STATES,http://middlebury.qualtrics.com/jfe/form/SV_0oZ5Lc5H2vl0EF8?psid=15nt6pMzywRvA0tqnhcrMQ**&1725001630,1/19/2021 14:05,1/19/2021 14:29,15nt6pMzywRvA0tqnhcrMQ**
1728092133,Completed,English (US),United States of America,UNITED STATES,http://middlebury.qualtrics.com/jfe/form/SV_0oZ5Lc5H2vl0EF8?psid=15nt6pMzywRvJ_lsCMQPPw**&1728092133,1/18/2021 16:42,1/18/2021 17:24,15nt6pMzywRvJ_lsCMQPPw**
1745881010,Completed,English (US),United States of America,UNITED STATES,http://middlebury.qualtrics.com/jfe/form/SV_0oZ5Lc5H2vl0EF8?psid=15nt6pMzywSf5_PEq-f82A**&1745881010,1/18/2021 8:51,1/18/2021 9:19,15nt6pMzywSf5_PEq-f82A**
1757940547,Completed,English (US),United States of America,UNITED STATES,http://middlebury.qualtrics.com/jfe/form/SV_0oZ5Lc5H2vl0EF8?psid=15nt6pMzywTU00qVvKkWsg**&1757940547,1/18/2021 14:10,1/18/2021 14:25,15nt6pMzywTU00qVvKkWsg**
1758030056,Completed,English (US),United States of America,UNITED STATES,http://middlebury.qualtrics.com/jfe/form/SV_0oZ5Lc5H2vl0EF8?psid=15nt6pMzywSf0TyzuYfmdg**&1758030056,1/20/2021 23:00,1/20/2021 23:18,15nt6pMzywSf0TyzuYfmdg**
1763545202,Completed,English (US),United States of America,UNITED STATES,http://middlebury.qualtrics.com/jfe/form/SV_0oZ5Lc5H2vl0EF8?psid=15nt6pMzywRKPiCicpJuog**&1763545202,1/18/2021 12:16,1/18/2021 12:29,15nt6pMzywRKPiCicpJuog**
1768810523,Completed,English (US),United States of America,UNITED STATES,http://middlebury.qualtrics.com/jfe/form/SV_0oZ5Lc5H2vl0EF8?psid=15nt6pMzywR7YzNAs-OzUQ**&1768810523,1/20/2021 13:31,1/20/2021 13:46,15nt6pMzywR7YzNAs-OzUQ**
1777136024,Completed,English (US),United States of America,UNITED STATES,http://middlebury.qualtrics.com/jfe/form/SV_0oZ5Lc5H2vl0EF8?psid=15nt6pMzywRtxIbFWBW4Eg**&1777136024,1/18/2021 17:04,1/18/2021 17:48,15nt6pMzywRtxIbFWBW4Eg**
1778181704,Completed,English (US),United States of America,UNITED STATES,http://middlebury.qualtrics.com/jfe/form/SV_0oZ5Lc5H2vl0EF8?psid=15nt6pMzywSLccoyEc6gSw**&1778181704,1/19/2021 12:33,1/19/2021 14:28,15nt6pMzywSLccoyEc6gSw**
1782081330,Completed,English (US),United States of America,UNITED STATES,http://middlebury.qualtrics.com/jfe/form/SV_0oZ5Lc5H2vl0EF8?psid=15nt6pMzywSQESA-KTtpiA**&1782081330,1/18/2021 8:58,1/18/2021 9:19,15nt6pMzywSQESA-KTtpiA**
1782999979,Completed,English (US),United States of America,UNITED STATES,http://middlebury.qualtrics.com/jfe/form/SV_0oZ5Lc5H2vl0EF8?psid=15nt6pMzywSs7f_ZPfrN8Q**&1782999979,1/18/2021 10:57,1/18/2021 11:53,15nt6pMzywSs7f_ZPfrN8Q**
1783162819,Completed,English (US),United States of America,UNITED STATES,http://middlebury.qualtrics.com/jfe/form/SV_0oZ5Lc5H2vl0EF8?psid=15nt6pMzywRaECNBmAfKLg**&1783162819,1/18/2021 15:09,1/18/2021 15:23,15nt6pMzywRaECNBmAfKLg**
1797575787,Completed,English (US),United States of America,UNITED STATES,http://middlebury.qualtrics.com/jfe/form/SV_0oZ5Lc5H2vl0EF8?psid=15nt6pMzywQX_kd7WnuA8Q**&1797575787,1/18/2021 19:14,1/18/2021 19:27,15nt6pMzywQX_kd7WnuA8Q**
1801268584,Completed,English (US),United States of America,UNITED STATES,http://middlebury.qualtrics.com/jfe/form/SV_0oZ5Lc5H2vl0EF8?psid=15nt6pMzywRoAgOSV2PRbA**&1801268584,1/19/2021 12:08,1/19/2021 12:28,15nt6pMzywRoAgOSV2PRbA**
1802895013,Completed,English (US),United States of America,UNITED STATES,http://middlebury.qualtrics.com/jfe/form/SV_0oZ5Lc5H2vl0EF8?psid=15nt6pMzywTBLPpoYXjzcw**&1802895013,1/19/2021 15:29,1/19/2021 15:44,15nt6pMzywTBLPpoYXjzcw**
1803793162,Completed,English (US),United States of America,UNITED STATES,http://middlebury.qualtrics.com/jfe/form/SV_0oZ5Lc5H2vl0EF8?psid=15nt6pMzywR4oiGA2lZqWw**&1803793162,1/18/2021 9:34,1/18/2021 10:15,15nt6pMzywR4oiGA2lZqWw**
1812027792,Completed,English (US),United States of America,UNITED STATES,http://middlebury.qualtrics.com/jfe/form/SV_0oZ5Lc5H2vl0EF8?psid=15nt6pMzywSNEuQJP7b78A**&1812027792,1/18/2021 9:35,1/18/2021 9:56,15nt6pMzywSNEuQJP7b78A**
1820238632,Completed,English (US),United States of America,UNITED STATES,http://middlebury.qualtrics.com/jfe/form/SV_0oZ5Lc5H2vl0EF8?psid=15nt6pMzywRjuhDaMt7Umw**&1820238632,1/18/2021 13:44,1/18/2021 14:02,15nt6pMzywRjuhDaMt7Umw**
1821384162,Completed,English (US),United States of America,UNITED STATES,http://middlebury.qualtrics.com/jfe/form/SV_0oZ5Lc5H2vl0EF8?psid=15nt6pMzywStbN8mO5Oxyg**&1821384162,1/18/2021 12:22,1/18/2021 12:39,15nt6pMzywStbN8mO5Oxyg**
1821912326,Completed,English (US),United States of America,UNITED STATES,http://middlebury.qualtrics.com/jfe/form/SV_0oZ5Lc5H2vl0EF8?psid=15nt6pMzywRNzaecSX7asQ**&1821912326,1/18/2021 13:26,1/18/2021 13:40,15nt6pMzywRNzaecSX7asQ**
1821943327,Completed,English (US),United States of America,UNITED STATES,http://middlebury.qualtrics.com/jfe/form/SV_0oZ5Lc5H2vl0EF8?psid=15nt6pMzywQyvgjncrujlA**&1821943327,1/18/2021 15:14,1/18/2021 15:23,15nt6pMzywQyvgjncrujlA**
1822281128,Completed,English (US),United States of America,UNITED STATES,http://middlebury.qualtrics.com/jfe/form/SV_0oZ5Lc5H2vl0EF8?psid=15nt6pMzywRbFTSOxsLi4A**&1822281128,1/18/2021 9:34,1/18/2021 9:47,15nt6pMzywRbFTSOxsLi4A**
1825418579,Completed,English (US),United States of America,UNITED STATES,http://middlebury.qualtrics.com/jfe/form/SV_0oZ5Lc5H2vl0EF8?psid=15nt6pMzywSvHILrJcMGIQ**&1825418579,1/18/2021 9:04,1/18/2021 9:21,15nt6pMzywSvHILrJcMGIQ**
1829626733,Completed,English (US),United States of America,UNITED STATES,http://middlebury.qualtrics.com/jfe/form/SV_0oZ5Lc5H2vl0EF8?psid=15nt6pMzywT_EI8EHCY1aQ**&1829626733,1/18/2021 16:26,1/18/2021 16:54,15nt6pMzywT_EI8EHCY1aQ**
1830198275,Completed,English (US),United States of America,UNITED STATES,http://middlebury.qualtrics.com/jfe/form/SV_0oZ5Lc5H2vl0EF8?psid=15nt6pMzywRMCe1lmLvKwQ**&1830198275,1/18/2021 9:34,1/18/2021 9:54,15nt6pMzywRMCe1lmLvKwQ**
1830859422,Completed,English (US),United States of America,UNITED STATES,http://middlebury.qualtrics.com/jfe/form/SV_0oZ5Lc5H2vl0EF8?psid=15nt6pMzywTQLvIziVbsbg**&1830859422,1/18/2021 12:26,1/18/2021 12:50,15nt6pMzywTQLvIziVbsbg**
1837058127,Completed,English (US),United States of America,UNITED STATES,http://middlebury.qualtrics.com/jfe/form/SV_0oZ5Lc5H2vl0EF8?psid=15nt6pMzywTIdazGGPNyMA**&1837058127,1/22/2021 8:21,1/22/2021 8:28,15nt6pMzywTIdazGGPNyMA**
1837277731,Completed,English (US),United States of America,UNITED STATES,http://middlebury.qualtrics.com/jfe/form/SV_0oZ5Lc5H2vl0EF8?psid=15nt6pMzywTm-8-wzwSwVw**&1837277731,1/18/2021 11:16,1/18/2021 11:50,15nt6pMzywTm-8-wzwSwVw**
1839054530,Completed,English (US),United States of America,UNITED STATES,http://middlebury.qualtrics.com/jfe/form/SV_0oZ5Lc5H2vl0EF8?psid=15nt6pMzywTAlSaArwn6pg**&1839054530,1/20/2021 13:36,1/20/2021 23:33,15nt6pMzywTAlSaArwn6pg**
1843336524,Completed,English (US),United States of America,UNITED STATES,http://middlebury.qualtrics.com/jfe/form/SV_0oZ5Lc5H2vl0EF8?psid=15nt6pMzywQi9GiZjbVWeA**&1843336524,1/24/2021 9:21,1/24/2021 9:28,15nt6pMzywQi9GiZjbVWeA**
1843348639,Completed,English (US),United States of America,UNITED STATES,http://middlebury.qualtrics.com/jfe/form/SV_0oZ5Lc5H2vl0EF8?psid=15nt6pMzywT37j4gdh8-cQ**&1843348639,1/24/2021 13:54,1/24/2021 14:04,15nt6pMzywT37j4gdh8-cQ**
1843635702,Completed,English (US),United States of America,UNITED STATES,http://middlebury.qualtrics.com/jfe/form/SV_0oZ5Lc5H2vl0EF8?psid=15nt6pMzywSk1T-YZxKYHg**&1843635702,1/19/2021 20:55,1/19/2021 21:13,15nt6pMzywSk1T-YZxKYHg**
1845489532,Completed,English (US),United States of America,UNITED STATES,http://middlebury.qualtrics.com/jfe/form/SV_0oZ5Lc5H2vl0EF8?psid=15nt6pMzywQ18UjS4a2GNQ**&1845489532,1/19/2021 17:42,1/19/2021 17:58,15nt6pMzywQ18UjS4a2GNQ**
1846800062,Completed,English (US),United States of America,UNITED STATES,http://middlebury.qualtrics.com/jfe/form/SV_0oZ5Lc5H2vl0EF8?psid=15nt6pMzywTKQ_qyXFBRrA**&1846800062,1/22/2021 10:12,1/22/2021 10:22,15nt6pMzywTKQ_qyXFBRrA**
1848168591,Completed,English (US),United States of America,UNITED STATES,http://middlebury.qualtrics.com/jfe/form/SV_0oZ5Lc5H2vl0EF8?psid=15nt6pMzywS-XCCkj0ewQg**&1848168591,1/19/2021 14:23,1/19/2021 15:02,15nt6pMzywS-XCCkj0ewQg**
1848683648,Completed,English (US),United States of America,UNITED STATES,http://middlebury.qualtrics.com/jfe/form/SV_0oZ5Lc5H2vl0EF8?psid=15nt6pMzywSK0FXH4tBTzQ**&1848683648,1/18/2021 16:04,1/18/2021 20:51,15nt6pMzywSK0FXH4tBTzQ**
1849572605,Completed,English (US),United States of America,UNITED STATES,http://middlebury.qualtrics.com/jfe/form/SV_0oZ5Lc5H2vl0EF8?psid=15nt6pMzywS-FfM2veFXVA**&1849572605,1/18/2021 20:02,1/18/2021 20:14,15nt6pMzywS-FfM2veFXVA**
1849598143,Completed,English (US),United States of America,UNITED STATES,http://middlebury.qualtrics.com/jfe/form/SV_0oZ5Lc5H2vl0EF8?psid=15nt6pMzywSDVu_ch_Hl6w**&1849598143,1/18/2021 21:37,1/18/2021 21:52,15nt6pMzywSDVu_ch_Hl6w**
1849626546,Completed,English (US),United States of America,UNITED STATES,http://middlebury.qualtrics.com/jfe/form/SV_0oZ5Lc5H2vl0EF8?psid=15nt6pMzywTCsuxq9CLbsQ**&1849626546,1/18/2021 21:24,1/18/2021 23:05,15nt6pMzywTCsuxq9CLbsQ**
1849667363,Completed,English (US),United States of America,UNITED STATES,http://middlebury.qualtrics.com/jfe/form/SV_0oZ5Lc5H2vl0EF8?psid=15nt6pMzywRp_5UpM1AQrQ**&1849667363,1/18/2021 20:00,1/18/2021 20:29,15nt6pMzywRp_5UpM1AQrQ**
1849695834,Completed,English (US),United States of America,UNITED STATES,http://middlebury.qualtrics.com/jfe/form/SV_0oZ5Lc5H2vl0EF8?psid=15nt6pMzywR7AqUcRcXioQ**&1849695834,1/18/2021 22:04,1/18/2021 22:15,15nt6pMzywR7AqUcRcXioQ**
1849747471,Completed,English (US),United States of America,UNITED STATES,http://middlebury.qualtrics.com/jfe/form/SV_0oZ5Lc5H2vl0EF8?psid=15nt6pMzywT2Fpa9_XImEQ**&1849747471,1/18/2021 21:07,1/18/2021 22:31,15nt6pMzywT2Fpa9_XImEQ**
1849808757,Completed,English (US),United States of America,UNITED STATES,http://middlebury.qualtrics.com/jfe/form/SV_0oZ5Lc5H2vl0EF8?psid=15nt6pMzywTzM5T0ihVWog**&1849808757,1/18/2021 21:58,1/18/2021 22:42,15nt6pMzywTzM5T0ihVWog**
1849815844,Completed,English (US),United States of America,UNITED STATES,http://middlebury.qualtrics.com/jfe/form/SV_0oZ5Lc5H2vl0EF8?psid=15nt6pMzywSdezx06Qwdhg**&1849815844,1/18/2021 18:46,1/18/2021 19:20,15nt6pMzywSdezx06Qwdhg**
1849816245,Completed,English (US),United States of America,UNITED STATES,http://middlebury.qualtrics.com/jfe/form/SV_0oZ5Lc5H2vl0EF8?psid=15nt6pMzywT0TyR0Uj14Bg**&1849816245,1/18/2021 21:05,1/18/2021 21:24,15nt6pMzywT0TyR0Uj14Bg**
1849819125,Completed,English (US),United States of America,UNITED STATES,http://middlebury.qualtrics.com/jfe/form/SV_0oZ5Lc5H2vl0EF8?psid=15nt6pMzywQiUIIO97jfiA**&1849819125,1/18/2021 21:25,1/18/2021 22:08,15nt6pMzywQiUIIO97jfiA**
1849869583,Completed,English (US),United States of America,UNITED STATES,http://middlebury.qualtrics.com/jfe/form/SV_0oZ5Lc5H2vl0EF8?psid=15nt6pMzywSgle0sUAbu1g**&1849869583,1/18/2021 22:50,1/18/2021 23:18,15nt6pMzywSgle0sUAbu1g**
1849885448,Completed,English (US),United States of America,UNITED STATES,http://middlebury.qualtrics.com/jfe/form/SV_0oZ5Lc5H2vl0EF8?psid=15nt6pMzywQwCXNi2zSfmw**&1849885448,1/18/2021 22:51,1/18/2021 23:04,15nt6pMzywQwCXNi2zSfmw**
1849921403,Completed,English (US),United States of America,UNITED STATES,http://middlebury.qualtrics.com/jfe/form/SV_0oZ5Lc5H2vl0EF8?psid=15nt6pMzywS-TcUN_UHjPQ**&1849921403,1/18/2021 8:52,1/18/2021 9:13,15nt6pMzywS-TcUN_UHjPQ**
1850123100,Completed,English (US),United States of America,UNITED STATES,http://middlebury.qualtrics.com/jfe/form/SV_0oZ5Lc5H2vl0EF8?psid=15nt6pMzywRi8zSMW9vKYQ**&1850123100,1/18/2021 20:18,1/18/2021 20:52,15nt6pMzywRi8zSMW9vKYQ**
1850137989,Completed,English (US),United States of America,UNITED STATES,http://middlebury.qualtrics.com/jfe/form/SV_0oZ5Lc5H2vl0EF8?psid=15nt6pMzywShmALZZ6Kp5Q**&1850137989,1/18/2021 23:42,1/19/2021 0:06,15nt6pMzywShmALZZ6Kp5Q**
1850225867,Completed,English (US),United States of America,UNITED STATES,http://middlebury.qualtrics.com/jfe/form/SV_0oZ5Lc5H2vl0EF8?psid=15nt6pMzywTiqUiRxfeZwA**&1850225867,1/18/2021 19:53,1/18/2021 20:29,15nt6pMzywTiqUiRxfeZwA**
1850242863,Completed,English (US),United States of America,UNITED STATES,http://middlebury.qualtrics.com/jfe/form/SV_0oZ5Lc5H2vl0EF8?psid=15nt6pMzywSkhWoCbzs2ng**&1850242863,1/18/2021 22:50,1/18/2021 23:21,15nt6pMzywSkhWoCbzs2ng**
1850288207,Completed,English (US),United States of America,UNITED STATES,http://middlebury.qualtrics.com/jfe/form/SV_0oZ5Lc5H2vl0EF8?psid=15nt6pMzywQGNQ24bjbj8A**&1850288207,1/18/2021 22:24,1/18/2021 22:43,15nt6pMzywQGNQ24bjbj8A**
1850374699,Completed,English (US),United States of America,UNITED STATES,http://middlebury.qualtrics.com/jfe/form/SV_0oZ5Lc5H2vl0EF8?psid=15nt6pMzywTDxqLaa4TyGA**&1850374699,1/18/2021 19:54,1/18/2021 20:11,15nt6pMzywTDxqLaa4TyGA**
1850815429,Completed,English (US),United States of America,UNITED STATES,http://middlebury.qualtrics.com/jfe/form/SV_0oZ5Lc5H2vl0EF8?psid=15nt6pMzywTSPx4XJ8chYw**&1850815429,1/18/2021 19:52,1/18/2021 20:40,15nt6pMzywTSPx4XJ8chYw**
1850878765,Completed,English (US),United States of America,UNITED STATES,http://middlebury.qualtrics.com/jfe/form/SV_0oZ5Lc5H2vl0EF8?psid=15nt6pMzywSuoLxBiKiJcQ**&1850878765,1/18/2021 20:17,1/18/2021 20:47,15nt6pMzywSuoLxBiKiJcQ**
1850971066,Completed,English (US),United States of America,UNITED STATES,http://middlebury.qualtrics.com/jfe/form/SV_0oZ5Lc5H2vl0EF8?psid=15nt6pMzywQhYL6ydMl9cQ**&1850971066,1/18/2021 21:51,1/18/2021 22:07,15nt6pMzywQhYL6ydMl9cQ**
1851344755,Completed,English (US),United States of America,UNITED STATES,http://middlebury.qualtrics.com/jfe/form/SV_0oZ5Lc5H2vl0EF8?psid=15nt6pMzywSdIjPoZrz--A**&1851344755,1/18/2021 20:07,1/18/2021 20:25,15nt6pMzywSdIjPoZrz--A**
1851442977,Completed,English (US),United States of America,UNITED STATES,http://middlebury.qualtrics.com/jfe/form/SV_0oZ5Lc5H2vl0EF8?psid=15nt6pMzywQAVBGZnxJ9VQ**&1851442977,1/18/2021 22:01,1/18/2021 22:33,15nt6pMzywQAVBGZnxJ9VQ**
1852019354,Completed,English (US),United States of America,UNITED STATES,http://middlebury.qualtrics.com/jfe/form/SV_0oZ5Lc5H2vl0EF8?psid=15nt6pMzywQWCtpWcPN9Cg**&1852019354,1/21/2021 8:58,1/21/2021 10:07,15nt6pMzywQWCtpWcPN9Cg**
1853175617,Completed,English (US),United States of America,UNITED STATES,http://middlebury.qualtrics.com/jfe/form/SV_0oZ5Lc5H2vl0EF8?psid=15nt6pMzywSQKCAeBnRgUw**&1853175617,1/18/2021 23:52,1/19/2021 0:24,15nt6pMzywSQKCAeBnRgUw**
1853463025,Completed,English (US),United States of America,UNITED STATES,http://middlebury.qualtrics.com/jfe/form/SV_0oZ5Lc5H2vl0EF8?psid=15nt6pMzywT03ElUPIIyoA**&1853463025,1/18/2021 19:06,1/18/2021 19:46,15nt6pMzywT03ElUPIIyoA**
1853878424,Completed,English (US),United States of America,UNITED STATES,http://middlebury.qualtrics.com/jfe/form/SV_0oZ5Lc5H2vl0EF8?psid=15nt6pMzywQIh4cSlvzwmg**&1853878424,1/24/2021 14:26,1/24/2021 14:32,15nt6pMzywQIh4cSlvzwmg**
1853888983,Completed,English (US),United States of America,UNITED STATES,http://middlebury.qualtrics.com/jfe/form/SV_0oZ5Lc5H2vl0EF8?psid=15nt6pMzywRlypXDOlqiCw**&1853888983,1/18/2021 21:35,1/18/2021 21:55,15nt6pMzywRlypXDOlqiCw**
1854707193,Completed,English (US),United States of America,UNITED STATES,http://middlebury.qualtrics.com/jfe/form/SV_0oZ5Lc5H2vl0EF8?psid=15nt6pMzywQzo9QwbPG-Ug**&1854707193,1/18/2021 12:46,1/18/2021 13:02,15nt6pMzywQzo9QwbPG-Ug**
1855517372,Completed,English (US),United States of America,UNITED STATES,http://middlebury.qualtrics.com/jfe/form/SV_0oZ5Lc5H2vl0EF8?psid=15nt6pMzywQHqi6P8D8cWw**&1855517372,1/18/2021 22:46,1/18/2021 23:12,15nt6pMzywQHqi6P8D8cWw**
1855934639,Completed,English (US),United States of America,UNITED STATES,http://middlebury.qualtrics.com/jfe/form/SV_0oZ5Lc5H2vl0EF8?psid=15nt6pMzywRge0ir8Ydvdg**&1855934639,1/18/2021 23:13,1/18/2021 23:29,15nt6pMzywRge0ir8Ydvdg**
1856504600,Completed,English (US),United States of America,UNITED STATES,http://middlebury.qualtrics.com/jfe/form/SV_0oZ5Lc5H2vl0EF8?psid=15nt6pMzywQzuLAQDU-edg**&1856504600,1/18/2021 14:30,1/18/2021 14:45,15nt6pMzywQzuLAQDU-edg**
1856628010,Completed,English (US),United States of America,UNITED STATES,http://middlebury.qualtrics.com/jfe/form/SV_0oZ5Lc5H2vl0EF8?psid=15nt6pMzywQP7BuPVT9tnw**&1856628010,1/20/2021 12:49,1/20/2021 13:59,15nt6pMzywQP7BuPVT9tnw**
1856665489,Completed,English (US),United States of America,UNITED STATES,http://middlebury.qualtrics.com/jfe/form/SV_0oZ5Lc5H2vl0EF8?psid=15nt6pMzywQlJgBPVk34zw**&1856665489,1/18/2021 14:04,1/18/2021 19:56,15nt6pMzywQlJgBPVk34zw**
1856707247,Completed,English (US),United States of America,UNITED STATES,http://middlebury.qualtrics.com/jfe/form/SV_0oZ5Lc5H2vl0EF8?psid=15nt6pMzywRGd74bZyr78g**&1856707247,1/18/2021 15:05,1/18/2021 19:04,15nt6pMzywRGd74bZyr78g**
1856878647,Completed,English (US),United States of America,UNITED STATES,http://middlebury.qualtrics.com/jfe/form/SV_0oZ5Lc5H2vl0EF8?psid=15nt6pMzywSAcR9fs41sJA**&1856878647,1/18/2021 22:35,1/18/2021 22:54,15nt6pMzywSAcR9fs41sJA**
1858397769,Completed,English (US),United States of America,UNITED STATES,http://middlebury.qualtrics.com/jfe/form/SV_0oZ5Lc5H2vl0EF8?psid=15nt6pMzywTFuQAJkAqXeQ**&1858397769,1/18/2021 19:56,1/18/2021 20:30,15nt6pMzywTFuQAJkAqXeQ**
1858640445,Completed,English (US),United States of America,UNITED STATES,http://middlebury.qualtrics.com/jfe/form/SV_0oZ5Lc5H2vl0EF8?psid=15nt6pMzywQocslVh8mHkg**&1858640445,1/20/2021 13:20,1/20/2021 13:33,15nt6pMzywQocslVh8mHkg**
1859166903,Completed,English (US),United States of America,UNITED STATES,http://middlebury.qualtrics.com/jfe/form/SV_0oZ5Lc5H2vl0EF8?psid=15nt6pMzywQ4mXKsfutsDQ**&1859166903,1/20/2021 13:12,1/20/2021 19:06,15nt6pMzywQ4mXKsfutsDQ**
1860822872,Completed,English (US),United States of America,UNITED STATES,http://middlebury.qualtrics.com/jfe/form/SV_0oZ5Lc5H2vl0EF8?psid=15nt6pMzywRG8Dpxq8MwvA**&1860822872,1/18/2021 12:56,1/18/2021 13:14,15nt6pMzywRG8Dpxq8MwvA**
1863519037,Completed,English (US),United States of America,UNITED STATES,http://middlebury.qualtrics.com/jfe/form/SV_0oZ5Lc5H2vl0EF8?psid=15nt6pMzywQCpKbPe81jvw**&1863519037,1/19/2021 22:00,1/19/2021 22:43,15nt6pMzywQCpKbPe81jvw**
1863651005,Completed,English (US),United States of America,UNITED STATES,http://middlebury.qualtrics.com/jfe/form/SV_0oZ5Lc5H2vl0EF8?psid=15nt6pMzywRqQXl2wTH8ww**&1863651005,1/18/2021 20:05,1/18/2021 20:21,15nt6pMzywRqQXl2wTH8ww**
1863880278,Completed,English (US),United States of America,UNITED STATES,http://middlebury.qualtrics.com/jfe/form/SV_0oZ5Lc5H2vl0EF8?psid=15nt6pMzywQ2oOf5pCWUWg**&1863880278,1/18/2021 23:46,1/19/2021 0:16,15nt6pMzywQ2oOf5pCWUWg**
1864266577,Completed,English (US),United States of America,UNITED STATES,http://middlebury.qualtrics.com/jfe/form/SV_0oZ5Lc5H2vl0EF8?psid=15nt6pMzywQkNMLxUhzWpg**&1864266577,1/18/2021 22:38,1/18/2021 22:52,15nt6pMzywQkNMLxUhzWpg**
1864953764,Completed,English (US),United States of America,UNITED STATES,http://middlebury.qualtrics.com/jfe/form/SV_0oZ5Lc5H2vl0EF8?psid=15nt6pMzywS96nQfKlbISg**&1864953764,1/19/2021 9:05,1/19/2021 9:19,15nt6pMzywS96nQfKlbISg**
1865665715,Completed,English (US),United States of America,UNITED STATES,http://middlebury.qualtrics.com/jfe/form/SV_0oZ5Lc5H2vl0EF8?psid=15nt6pMzywS5vBnR8aRgiw**&1865665715,1/18/2021 17:24,1/19/2021 5:58,15nt6pMzywS5vBnR8aRgiw**
1866646488,Completed,English (US),United States of America,UNITED STATES,http://middlebury.qualtrics.com/jfe/form/SV_0oZ5Lc5H2vl0EF8?psid=15nt6pMzywQOowOS4mbD3A**&1866646488,1/18/2021 21:25,1/18/2021 21:39,15nt6pMzywQOowOS4mbD3A**
1866782743,Completed,English (US),United States of America,UNITED STATES,http://middlebury.qualtrics.com/jfe/form/SV_0oZ5Lc5H2vl0EF8?psid=15nt6pMzywTuKgrT_hBEdQ**&1866782743,1/18/2021 23:54,1/19/2021 0:35,15nt6pMzywTuKgrT_hBEdQ**
1868017955,Completed,English (US),United States of America,UNITED STATES,http://middlebury.qualtrics.com/jfe/form/SV_0oZ5Lc5H2vl0EF8?psid=15nt6pMzywTROt4WpBVbPA**&1868017955,1/18/2021 9:59,1/18/2021 10:26,15nt6pMzywTROt4WpBVbPA**
1868176153,Completed,English (US),United States of America,UNITED STATES,http://middlebury.qualtrics.com/jfe/form/SV_0oZ5Lc5H2vl0EF8?psid=15nt6pMzywTA3x7fuk215A**&1868176153,1/18/2021 22:26,1/18/2021 23:14,15nt6pMzywTA3x7fuk215A**
1868301014,Completed,English (US),United States of America,UNITED STATES,http://middlebury.qualtrics.com/jfe/form/SV_0oZ5Lc5H2vl0EF8?psid=15nt6pMzywT_0xFBbAILBQ**&1868301014,1/18/2021 19:56,1/18/2021 20:13,15nt6pMzywT_0xFBbAILBQ**
1869381828,Completed,English (US),United States of America,UNITED STATES,http://middlebury.qualtrics.com/jfe/form/SV_0oZ5Lc5H2vl0EF8?psid=15nt6pMzywR0DrDLRrb_TA**&1869381828,1/21/2021 6:29,1/21/2021 6:43,15nt6pMzywR0DrDLRrb_TA**
1870267466,Completed,English (US),United States of America,UNITED STATES,http://middlebury.qualtrics.com/jfe/form/SV_0oZ5Lc5H2vl0EF8?psid=15nt6pMzywRkQ0YKPqC5yw**&1870267466,1/18/2021 13:53,1/18/2021 14:19,15nt6pMzywRkQ0YKPqC5yw**
1870293873,Completed,English (US),United States of America,UNITED STATES,http://middlebury.qualtrics.com/jfe/form/SV_0oZ5Lc5H2vl0EF8?psid=15nt6pMzywSrEynJYnY2vw**&1870293873,1/18/2021 20:01,1/18/2021 20:15,15nt6pMzywSrEynJYnY2vw**
1870836858,Completed,English (US),United States of America,UNITED STATES,http://middlebury.qualtrics.com/jfe/form/SV_0oZ5Lc5H2vl0EF8?psid=15nt6pMzywRCObHpyroHEA**&1870836858,1/18/2021 18:04,1/18/2021 18:23,15nt6pMzywRCObHpyroHEA**
1870925385,Completed,English (US),United States of America,UNITED STATES,http://middlebury.qualtrics.com/jfe/form/SV_0oZ5Lc5H2vl0EF8?psid=15nt6pMzywRU_4hojOEGCA**&1870925385,1/18/2021 16:30,1/18/2021 20:44,15nt6pMzywRU_4hojOEGCA**
1870927616,Completed,English (US),United States of America,UNITED STATES,http://middlebury.qualtrics.com/jfe/form/SV_0oZ5Lc5H2vl0EF8?psid=15nt6pMzywSC6zymmYd4Hw**&1870927616,1/18/2021 21:02,1/18/2021 21:16,15nt6pMzywSC6zymmYd4Hw**
1870967705,Completed,English (US),United States of America,UNITED STATES,http://middlebury.qualtrics.com/jfe/form/SV_0oZ5Lc5H2vl0EF8?psid=15nt6pMzywSCpSHvQGod5A**&1870967705,1/18/2021 16:12,1/18/2021 16:27,15nt6pMzywSCpSHvQGod5A**
1870996216,Completed,English (US),United States of America,UNITED STATES,http://middlebury.qualtrics.com/jfe/form/SV_0oZ5Lc5H2vl0EF8?psid=15nt6pMzywTA8labMuad_Q**&1870996216,1/19/2021 15:32,1/19/2021 15:43,15nt6pMzywTA8labMuad_Q**
1871008733,Completed,English (US),United States of America,PUERTO RICO,http://middlebury.qualtrics.com/jfe/form/SV_0oZ5Lc5H2vl0EF8?psid=15nt6pMzywRm4Jqhxl9ErA**&1871008733,1/18/2021 16:58,1/18/2021 18:13,15nt6pMzywRm4Jqhxl9ErA**
1871017616,Completed,English (US),United States of America,PUERTO RICO,http://middlebury.qualtrics.com/jfe/form/SV_0oZ5Lc5H2vl0EF8?psid=15nt6pMzywSAHjZsof-4wg**&1871017616,1/18/2021 20:10,1/18/2021 21:31,15nt6pMzywSAHjZsof-4wg**
1871026630,Completed,English (US),United States of America,UNITED STATES,http://middlebury.qualtrics.com/jfe/form/SV_0oZ5Lc5H2vl0EF8?psid=15nt6pMzywRQNlmyAeqsNw**&1871026630,1/18/2021 15:20,1/18/2021 15:54,15nt6pMzywRQNlmyAeqsNw**
1871068602,Completed,English (US),United States of America,UNITED STATES,http://middlebury.qualtrics.com/jfe/form/SV_0oZ5Lc5H2vl0EF8?psid=15nt6pMzywT-f-H6qQ7bUw**&1871068602,1/18/2021 21:21,1/18/2021 21:35,15nt6pMzywT-f-H6qQ7bUw**
1871110747,Completed,English (US),United States of America,UNITED STATES,http://middlebury.qualtrics.com/jfe/form/SV_0oZ5Lc5H2vl0EF8?psid=15nt6pMzywSiaLCrmkA51w**&1871110747,1/18/2021 16:06,1/18/2021 17:29,15nt6pMzywSiaLCrmkA51w**
1871138514,Completed,English (US),United States of America,UNITED STATES,http://middlebury.qualtrics.com/jfe/form/SV_0oZ5Lc5H2vl0EF8?psid=15nt6pMzywQYFfvO0IRudg**&1871138514,1/21/2021 20:54,1/21/2021 21:09,15nt6pMzywQYFfvO0IRudg**
1871375835,Completed,English (US),United States of America,UNITED STATES,http://middlebury.qualtrics.com/jfe/form/SV_0oZ5Lc5H2vl0EF8?psid=15nt6pMzywQrweZkJ5gDyg**&1871375835,1/21/2021 18:59,1/21/2021 19:43,15nt6pMzywQrweZkJ5gDyg**
1871483113,Completed,English (US),United States of America,UNITED STATES,http://middlebury.qualtrics.com/jfe/form/SV_0oZ5Lc5H2vl0EF8?psid=15nt6pMzywSMRwzX2QedNg**&1871483113,1/21/2021 14:15,1/21/2021 14:23,15nt6pMzywSMRwzX2QedNg**
1871507884,Completed,English (US),United States of America,UNITED STATES,http://middlebury.qualtrics.com/jfe/form/SV_0oZ5Lc5H2vl0EF8?psid=15nt6pMzywR4I9HQSEYvvw**&1871507884,1/18/2021 12:54,1/18/2021 15:30,15nt6pMzywR4I9HQSEYvvw**
1871639927,Completed,English (US),United States of America,UNITED STATES,http://middlebury.qualtrics.com/jfe/form/SV_0oZ5Lc5H2vl0EF8?psid=15nt6pMzywTmW9YTc6MqdQ**&1871639927,1/18/2021 14:05,1/18/2021 16:31,15nt6pMzywTmW9YTc6MqdQ**
1871696751,Completed,English (US),United States of America,UNITED STATES,http://middlebury.qualtrics.com/jfe/form/SV_0oZ5Lc5H2vl0EF8?psid=15nt6pMzywT7kxY_1NtXIw**&1871696751,1/21/2021 11:29,1/21/2021 12:09,15nt6pMzywT7kxY_1NtXIw**
1871735308,Completed,English (US),United States of America,UNITED STATES,http://middlebury.qualtrics.com/jfe/form/SV_0oZ5Lc5H2vl0EF8?psid=15nt6pMzywSzYWOIZUq2Tg**&1871735308,1/18/2021 16:19,1/18/2021 16:29,15nt6pMzywSzYWOIZUq2Tg**
1872011726,Completed,English (US),United States of America,UNITED STATES,http://middlebury.qualtrics.com/jfe/form/SV_0oZ5Lc5H2vl0EF8?psid=15nt6pMzywSMkkA-VUhzbg**&1872011726,1/18/2021 14:10,1/18/2021 15:07,15nt6pMzywSMkkA-VUhzbg**
1872229675,Completed,English (US),United States of America,UNITED STATES,http://middlebury.qualtrics.com/jfe/form/SV_0oZ5Lc5H2vl0EF8?psid=15nt6pMzywR1onLN7OfGJQ**&1872229675,1/19/2021 15:40,1/19/2021 17:01,15nt6pMzywR1onLN7OfGJQ**
1872269390,Completed,English (US),United States of America,UNITED STATES,http://middlebury.qualtrics.com/jfe/form/SV_0oZ5Lc5H2vl0EF8?psid=15nt6pMzywTa9GpBA-SxQw**&1872269390,1/19/2021 20:19,1/19/2021 21:00,15nt6pMzywTa9GpBA-SxQw**
1872301232,Completed,English (US),United States of America,UNITED STATES,http://middlebury.qualtrics.com/jfe/form/SV_0oZ5Lc5H2vl0EF8?psid=15nt6pMzywSrdEKU8ZGTZQ**&1872301232,1/18/2021 10:00,1/18/2021 10:56,15nt6pMzywSrdEKU8ZGTZQ**
1872339741,Completed,English (US),United States of America,UNITED STATES,http://middlebury.qualtrics.com/jfe/form/SV_0oZ5Lc5H2vl0EF8?psid=15nt6pMzywQ5x2oGXafsag**&1872339741,1/19/2021 20:43,1/19/2021 21:18,15nt6pMzywQ5x2oGXafsag**
1872356534,Completed,English (US),United States of America,UNITED STATES,http://middlebury.qualtrics.com/jfe/form/SV_0oZ5Lc5H2vl0EF8?psid=15nt6pMzywTPiqyvSvProA**&1872356534,1/21/2021 6:32,1/21/2021 6:53,15nt6pMzywTPiqyvSvProA**
1872399287,Completed,English (US),United States of America,,http://middlebury.qualtrics.com/jfe/form/SV_0oZ5Lc5H2vl0EF8?psid=15nt6pMzywQ-BwGVD4lieg**&1872399287,1/19/2021 16:59,1/19/2021 17:56,15nt6pMzywQ-BwGVD4lieg**
1872726242,Completed,English (US),United States of America,UNITED STATES,http://middlebury.qualtrics.com/jfe/form/SV_0oZ5Lc5H2vl0EF8?psid=15nt6pMzywSjTM0ece1-yg**&1872726242,1/23/2021 0:00,1/23/2021 0:43,15nt6pMzywSjTM0ece1-yg**
1872811725,Completed,English (US),United States of America,UNITED STATES,http://middlebury.qualtrics.com/jfe/form/SV_0oZ5Lc5H2vl0EF8?psid=15nt6pMzywTiKvqIKF_xZA**&1872811725,1/21/2021 5:34,1/21/2021 5:48,15nt6pMzywTiKvqIKF_xZA**
1872880952,Completed,English (US),United States of America,,http://middlebury.qualtrics.com/jfe/form/SV_0oZ5Lc5H2vl0EF8?psid=15nt6pMzywTOmxeprc3rJA**&1872880952,1/19/2021 23:40,1/19/2021 23:53,15nt6pMzywTOmxeprc3rJA**
1872908592,Completed,English (US),United States of America,UNITED STATES,http://middlebury.qualtrics.com/jfe/form/SV_0oZ5Lc5H2vl0EF8?psid=15nt6pMzywQs7y-99NcS3g**&1872908592,1/21/2021 13:37,1/21/2021 13:52,15nt6pMzywQs7y-99NcS3g**
1873099268,Completed,English (US),United States of America,UNITED STATES,http://middlebury.qualtrics.com/jfe/form/SV_0oZ5Lc5H2vl0EF8?psid=15nt6pMzywRCtDouD1dYiQ**&1873099268,1/20/2021 15:40,1/20/2021 16:03,15nt6pMzywRCtDouD1dYiQ**
1873106994,Completed,English (US),United States of America,UNITED STATES,http://middlebury.qualtrics.com/jfe/form/SV_0oZ5Lc5H2vl0EF8?psid=15nt6pMzywTq1dBYmSQAmQ**&1873106994,1/18/2021 15:30,1/18/2021 15:46,15nt6pMzywTq1dBYmSQAmQ**
1873736495,Completed,English (US),United States of America,UNITED STATES,http://middlebury.qualtrics.com/jfe/form/SV_0oZ5Lc5H2vl0EF8?psid=15nt6pMzywTc47xerOC-cQ**&1873736495,1/18/2021 21:43,1/18/2021 22:05,15nt6pMzywTc47xerOC-cQ**
1873748635,Completed,English (US),United States of America,UNITED STATES,http://middlebury.qualtrics.com/jfe/form/SV_0oZ5Lc5H2vl0EF8?psid=15nt6pMzywSh84oDxwELMw**&1873748635,1/18/2021 21:16,1/18/2021 21:53,15nt6pMzywSh84oDxwELMw**
1873756100,Completed,English (US),United States of America,UNITED STATES,http://middlebury.qualtrics.com/jfe/form/SV_0oZ5Lc5H2vl0EF8?psid=15nt6pMzywT_Z_wWe4Um-Q**&1873756100,1/18/2021 19:22,1/18/2021 19:35,15nt6pMzywT_Z_wWe4Um-Q**
1873949119,Completed,English (US),United States of America,,http://middlebury.qualtrics.com/jfe/form/SV_0oZ5Lc5H2vl0EF8?psid=15nt6pMzywQlYrORZNqnOg**&1873949119,1/19/2021 13:13,1/19/2021 13:27,15nt6pMzywQlYrORZNqnOg**
1874097332,Completed,English (US),United States of America,UNITED STATES,http://middlebury.qualtrics.com/jfe/form/SV_0oZ5Lc5H2vl0EF8?psid=15nt6pMzywTZAYWF3AT4-Q**&1874097332,1/18/2021 16:55,1/18/2021 17:07,15nt6pMzywTZAYWF3AT4-Q**
1874708672,Completed,English (US),United States of America,UNITED STATES,http://middlebury.qualtrics.com/jfe/form/SV_0oZ5Lc5H2vl0EF8?psid=15nt6pMzywSf3e85sRQp3g**&1874708672,1/18/2021 8:56,1/18/2021 9:15,15nt6pMzywSf3e85sRQp3g**
1874725539,Completed,English (US),United States of America,UNITED STATES,http://middlebury.qualtrics.com/jfe/form/SV_0oZ5Lc5H2vl0EF8?psid=15nt6pMzywSemiJVVZs5Kg**&1874725539,1/19/2021 10:52,1/19/2021 11:09,15nt6pMzywSemiJVVZs5Kg**
1874778253,Completed,English (US),United States of America,UNITED STATES,http://middlebury.qualtrics.com/jfe/form/SV_0oZ5Lc5H2vl0EF8?psid=15nt6pMzywSY2ISHBp_jXg**&1874778253,1/21/2021 13:19,1/21/2021 13:49,15nt6pMzywSY2ISHBp_jXg**
1875006967,Completed,English (US),United States of America,UNITED STATES,http://middlebury.qualtrics.com/jfe/form/SV_0oZ5Lc5H2vl0EF8?psid=15nt6pMzywRdnHnipIhdzA**&1875006967,1/20/2021 19:22,1/20/2021 19:46,15nt6pMzywRdnHnipIhdzA**
1875419564,Completed,English (US),United States of America,UNITED STATES,http://middlebury.qualtrics.com/jfe/form/SV_0oZ5Lc5H2vl0EF8?psid=15nt6pMzywRVm8VP65GT8g**&1875419564,1/19/2021 12:09,1/19/2021 14:22,15nt6pMzywRVm8VP65GT8g**
1875452897,Completed,English (US),United States of America,UNITED STATES,http://middlebury.qualtrics.com/jfe/form/SV_0oZ5Lc5H2vl0EF8?psid=15nt6pMzywRAV_RTBCKtGg**&1875452897,1/23/2021 14:59,1/23/2021 15:14,15nt6pMzywRAV_RTBCKtGg**
1875454859,Completed,English (US),United States of America,UNITED STATES,http://middlebury.qualtrics.com/jfe/form/SV_0oZ5Lc5H2vl0EF8?psid=15nt6pMzywRXrXdgLVszyA**&1875454859,1/23/2021 16:53,1/23/2021 17:21,15nt6pMzywRXrXdgLVszyA**
1875460040,Completed,English (US),United States of America,UNITED STATES,http://middlebury.qualtrics.com/jfe/form/SV_0oZ5Lc5H2vl0EF8?psid=15nt6pMzywTqW1sZICVOTQ**&1875460040,1/23/2021 22:21,1/23/2021 22:31,15nt6pMzywTqW1sZICVOTQ**
1875461664,Completed,English (US),United States of America,UNITED STATES,http://middlebury.qualtrics.com/jfe/form/SV_0oZ5Lc5H2vl0EF8?psid=15nt6pMzywQPcWNnwSq8cQ**&1875461664,1/24/2021 0:35,1/24/2021 1:11,15nt6pMzywQPcWNnwSq8cQ**
1875713210,Completed,English (US),United States of America,UNITED STATES,http://middlebury.qualtrics.com/jfe/form/SV_0oZ5Lc5H2vl0EF8?psid=15nt6pMzywQ_CInHB-DNhQ**&1875713210,1/23/2021 1:10,1/23/2021 1:22,15nt6pMzywQ_CInHB-DNhQ**
1876069177,Completed,English (US),United States of America,UNITED STATES,http://middlebury.qualtrics.com/jfe/form/SV_0oZ5Lc5H2vl0EF8?psid=15nt6pMzywTkSKbDZPi2Kg**&1876069177,1/24/2021 2:54,1/24/2021 3:39,15nt6pMzywTkSKbDZPi2Kg**
1876071878,Completed,English (US),United States of America,UNITED STATES,http://middlebury.qualtrics.com/jfe/form/SV_0oZ5Lc5H2vl0EF8?psid=15nt6pMzywSboCVxu7tyPA**&1876071878,1/24/2021 11:15,1/24/2021 11:50,15nt6pMzywSboCVxu7tyPA**
1876194452,Completed,English (US),United States of America,UNITED STATES,http://middlebury.qualtrics.com/jfe/form/SV_0oZ5Lc5H2vl0EF8?psid=15nt6pMzywQAkh9H6lLFCA**&1876194452,1/19/2021 18:23,1/19/2021 18:36,15nt6pMzywQAkh9H6lLFCA**
1876216859,Completed,English (US),United States of America,UNITED STATES,http://middlebury.qualtrics.com/jfe/form/SV_0oZ5Lc5H2vl0EF8?psid=15nt6pMzywQsF-04EExOZA**&1876216859,1/19/2021 19:47,1/19/2021 20:15,15nt6pMzywQsF-04EExOZA**
1876515875,Completed,English (US),United States of America,UNITED STATES,http://middlebury.qualtrics.com/jfe/form/SV_0oZ5Lc5H2vl0EF8?psid=15nt6pMzywRYeXs7CFP3aQ**&1876515875,1/20/2021 13:20,1/20/2021 13:28,15nt6pMzywRYeXs7CFP3aQ**
1876684071,Completed,English (US),United States of America,PUERTO RICO,http://middlebury.qualtrics.com/jfe/form/SV_0oZ5Lc5H2vl0EF8?psid=15nt6pMzywT_TxQoxXtZLg**&1876684071,1/20/2021 10:51,1/20/2021 11:50,15nt6pMzywT_TxQoxXtZLg**
1876721975,Completed,English (US),United States of America,UNITED STATES,http://middlebury.qualtrics.com/jfe/form/SV_0oZ5Lc5H2vl0EF8?psid=15nt6pMzywQ9kxmqSLYrjw**&1876721975,1/21/2021 19:58,1/21/2021 21:11,15nt6pMzywQ9kxmqSLYrjw**
1876754716,Completed,English (US),United States of America,UNITED STATES,http://middlebury.qualtrics.com/jfe/form/SV_0oZ5Lc5H2vl0EF8?psid=15nt6pMzywQpKZNoYe07RA**&1876754716,1/20/2021 2:33,1/20/2021 2:41,15nt6pMzywQpKZNoYe07RA**
1876915270,Completed,English (US),United States of America,UNITED STATES,http://middlebury.qualtrics.com/jfe/form/SV_0oZ5Lc5H2vl0EF8?psid=15nt6pMzywTtmbHrAlS7aA**&1876915270,1/18/2021 22:26,1/18/2021 22:51,15nt6pMzywTtmbHrAlS7aA**
1877041216,Completed,English (US),United States of America,UNITED STATES,http://middlebury.qualtrics.com/jfe/form/SV_0oZ5Lc5H2vl0EF8?psid=15nt6pMzywRvaHkTt2RNkA**&1877041216,1/19/2021 21:46,1/19/2021 21:54,15nt6pMzywRvaHkTt2RNkA**
1877170778,Completed,English (US),United States of America,,http://middlebury.qualtrics.com/jfe/form/SV_0oZ5Lc5H2vl0EF8?psid=15nt6pMzywTDKaWCpKQ_GQ**&1877170778,1/18/2021 18:31,1/18/2021 18:48,15nt6pMzywTDKaWCpKQ_GQ**
1877279516,Completed,English (US),United States of America,UNITED STATES,http://middlebury.qualtrics.com/jfe/form/SV_0oZ5Lc5H2vl0EF8?psid=15nt6pMzywSz29swPf_WIw**&1877279516,1/18/2021 8:52,1/18/2021 9:19,15nt6pMzywSz29swPf_WIw**
1877330505,Completed,English (US),United States of America,UNITED STATES,http://middlebury.qualtrics.com/jfe/form/SV_0oZ5Lc5H2vl0EF8?psid=15nt6pMzywS5D2QAVHfg9A**&1877330505,1/23/2021 12:10,1/23/2021 12:17,15nt6pMzywS5D2QAVHfg9A**
1877430051,Completed,English (US),United States of America,PUERTO RICO,http://middlebury.qualtrics.com/jfe/form/SV_0oZ5Lc5H2vl0EF8?psid=15nt6pMzywS4fA5yo6_DOg**&1877430051,1/22/2021 17:28,1/22/2021 18:04,15nt6pMzywS4fA5yo6_DOg**
1877432795,Completed,English (US),United States of America,UNITED STATES,http://middlebury.qualtrics.com/jfe/form/SV_0oZ5Lc5H2vl0EF8?psid=15nt6pMzywR6xs66OhBFtw**&1877432795,1/20/2021 7:36,1/20/2021 8:02,15nt6pMzywR6xs66OhBFtw**
1877950799,Completed,English (US),United States of America,,http://middlebury.qualtrics.com/jfe/form/SV_0oZ5Lc5H2vl0EF8?psid=15nt6pMzywQ2WF_CyRF5Fw**&1877950799,1/21/2021 15:57,1/21/2021 16:11,15nt6pMzywQ2WF_CyRF5Fw**
1878023844,Completed,English (US),United States of America,UNITED STATES,http://middlebury.qualtrics.com/jfe/form/SV_0oZ5Lc5H2vl0EF8?psid=15nt6pMzywR1VHEq7p1sTQ**&1878023844,1/21/2021 13:24,1/21/2021 13:37,15nt6pMzywR1VHEq7p1sTQ**
1878240400,Completed,English (US),United States of America,PUERTO RICO,http://middlebury.qualtrics.com/jfe/form/SV_0oZ5Lc5H2vl0EF8?psid=15nt6pMzywT6bH8H7TDa1g**&1878240400,1/23/2021 17:43,1/23/2021 17:49,15nt6pMzywT6bH8H7TDa1g**
1878256180,Completed,English (US),United States of America,UNITED STATES,http://middlebury.qualtrics.com/jfe/form/SV_0oZ5Lc5H2vl0EF8?psid=15nt6pMzywQItSOpIQ0V1A**&1878256180,1/24/2021 13:08,1/24/2021 13:15,15nt6pMzywQItSOpIQ0V1A**
1878264662,Completed,English (US),United States of America,UNITED STATES,http://middlebury.qualtrics.com/jfe/form/SV_0oZ5Lc5H2vl0EF8?psid=15nt6pMzywQnrN2j-dhD3A**&1878264662,1/24/2021 8:59,1/24/2021 9:07,15nt6pMzywQnrN2j-dhD3A**
1878302735,Completed,English (US),United States of America,UNITED STATES,http://middlebury.qualtrics.com/jfe/form/SV_0oZ5Lc5H2vl0EF8?psid=15nt6pMzywTW4JTUUqzQpw**&1878302735,1/19/2021 17:55,1/19/2021 18:51,15nt6pMzywTW4JTUUqzQpw**
1878345234,Completed,English (US),United States of America,UNITED STATES,http://middlebury.qualtrics.com/jfe/form/SV_0oZ5Lc5H2vl0EF8?psid=15nt6pMzywRafqqumDG8EQ**&1878345234,1/23/2021 0:25,1/23/2021 0:37,15nt6pMzywRafqqumDG8EQ**
1878346863,Completed,English (US),United States of America,UNITED STATES,http://middlebury.qualtrics.com/jfe/form/SV_0oZ5Lc5H2vl0EF8?psid=15nt6pMzywQ90jFJeVLcRQ**&1878346863,1/22/2021 21:17,1/22/2021 21:59,15nt6pMzywQ90jFJeVLcRQ**
1878354247,Completed,English (US),United States of America,UNITED STATES,http://middlebury.qualtrics.com/jfe/form/SV_0oZ5Lc5H2vl0EF8?psid=15nt6pMzywTVMQW92z_zAA**&1878354247,1/23/2021 1:51,1/23/2021 2:11,15nt6pMzywTVMQW92z_zAA**
1878383001,Completed,English (US),United States of America,UNITED STATES,http://middlebury.qualtrics.com/jfe/form/SV_0oZ5Lc5H2vl0EF8?psid=15nt6pMzywRgRe3szsyW0w**&1878383001,1/23/2021 0:49,1/23/2021 0:56,15nt6pMzywRgRe3szsyW0w**
1878387907,Completed,English (US),United States of America,UNITED STATES,http://middlebury.qualtrics.com/jfe/form/SV_0oZ5Lc5H2vl0EF8?psid=15nt6pMzywQQVNNIDEN22w**&1878387907,1/22/2021 1:05,1/22/2021 1:14,15nt6pMzywQQVNNIDEN22w**
1878402583,Completed,English (US),United States of America,UNITED STATES,http://middlebury.qualtrics.com/jfe/form/SV_0oZ5Lc5H2vl0EF8?psid=15nt6pMzywQWYcojkjFhcg**&1878402583,1/22/2021 10:33,1/22/2021 11:28,15nt6pMzywQWYcojkjFhcg**
1878410596,Completed,English (US),United States of America,UNITED STATES,http://middlebury.qualtrics.com/jfe/form/SV_0oZ5Lc5H2vl0EF8?psid=15nt6pMzywQD1JREArgjHQ**&1878410596,1/23/2021 8:57,1/23/2021 9:47,15nt6pMzywQD1JREArgjHQ**
1878418122,Completed,English (US),United States of America,UNITED STATES,http://middlebury.qualtrics.com/jfe/form/SV_0oZ5Lc5H2vl0EF8?psid=15nt6pMzywRNoZj6ycfJ4w**&1878418122,1/21/2021 10:20,1/21/2021 10:28,15nt6pMzywRNoZj6ycfJ4w**
1878440050,Completed,English (US),United States of America,UNITED STATES,http://middlebury.qualtrics.com/jfe/form/SV_0oZ5Lc5H2vl0EF8?psid=15nt6pMzywSaOJu4ILGq3A**&1878440050,1/22/2021 21:00,1/22/2021 21:14,15nt6pMzywSaOJu4ILGq3A**
1878469586,Completed,English (US),United States of America,UNITED STATES,http://middlebury.qualtrics.com/jfe/form/SV_0oZ5Lc5H2vl0EF8?psid=15nt6pMzywQwuC1xDl3lDQ**&1878469586,1/19/2021 17:33,1/19/2021 17:44,15nt6pMzywQwuC1xDl3lDQ**
1878493087,Completed,English (US),United States of America,UNITED STATES,http://middlebury.qualtrics.com/jfe/form/SV_0oZ5Lc5H2vl0EF8?psid=15nt6pMzywQVbxmTs6fM1A**&1878493087,1/22/2021 13:01,1/22/2021 13:07,15nt6pMzywQVbxmTs6fM1A**
1878675401,Completed,English (US),United States of America,UNITED STATES,http://middlebury.qualtrics.com/jfe/form/SV_0oZ5Lc5H2vl0EF8?psid=15nt6pMzywSqERlnAqqbGg**&1878675401,1/23/2021 1:39,1/23/2021 1:44,15nt6pMzywSqERlnAqqbGg**
1878710526,Completed,English (US),United States of America,,http://middlebury.qualtrics.com/jfe/form/SV_0oZ5Lc5H2vl0EF8?psid=15nt6pMzywTx_gpwB3OriA**&1878710526,1/18/2021 12:27,1/18/2021 12:43,15nt6pMzywTx_gpwB3OriA**
1878787692,Completed,English (US),United States of America,UNITED STATES,http://middlebury.qualtrics.com/jfe/form/SV_0oZ5Lc5H2vl0EF8?psid=15nt6pMzywQwWvaiUfgZBg**&1878787692,1/18/2021 23:08,1/18/2021 23:22,15nt6pMzywQwWvaiUfgZBg**
1878847184,Completed,English (US),United States of America,UNITED STATES,http://middlebury.qualtrics.com/jfe/form/SV_0oZ5Lc5H2vl0EF8?psid=15nt6pMzywS3x9ugNjvLnQ**&1878847184,1/22/2021 14:05,1/22/2021 14:14,15nt6pMzywS3x9ugNjvLnQ**
1878869764,Completed,English (US),United States of America,UNITED STATES,http://middlebury.qualtrics.com/jfe/form/SV_0oZ5Lc5H2vl0EF8?psid=15nt6pMzywQYZmCy4JP_uQ**&1878869764,1/23/2021 2:54,1/23/2021 3:04,15nt6pMzywQYZmCy4JP_uQ**
1878874377,Completed,English (US),United States of America,,http://middlebury.qualtrics.com/jfe/form/SV_0oZ5Lc5H2vl0EF8?psid=15nt6pMzywSU82mDs1Fhow**&1878874377,1/23/2021 15:47,1/23/2021 16:02,15nt6pMzywSU82mDs1Fhow**
1878881526,Completed,English (US),United States of America,UNITED STATES,http://middlebury.qualtrics.com/jfe/form/SV_0oZ5Lc5H2vl0EF8?psid=15nt6pMzywTaJ_Dicn5MHg**&1878881526,1/22/2021 18:53,1/22/2021 19:55,15nt6pMzywTaJ_Dicn5MHg**
1878899009,Completed,English (US),United States of America,UNITED STATES,http://middlebury.qualtrics.com/jfe/form/SV_0oZ5Lc5H2vl0EF8?psid=15nt6pMzywQ8OCLvvf07IA**&1878899009,1/22/2021 19:39,1/22/2021 20:14,15nt6pMzywQ8OCLvvf07IA**
1878969900,Completed,English (US),United States of America,UNITED STATES,http://middlebury.qualtrics.com/jfe/form/SV_0oZ5Lc5H2vl0EF8?psid=15nt6pMzywRI-xxUuhpXAQ**&1878969900,1/18/2021 14:05,1/18/2021 14:17,15nt6pMzywRI-xxUuhpXAQ**
1878971573,Completed,English (US),United States of America,UNITED STATES,http://middlebury.qualtrics.com/jfe/form/SV_0oZ5Lc5H2vl0EF8?psid=15nt6pMzywTIAlpHcj4mfA**&1878971573,1/22/2021 23:15,1/22/2021 23:40,15nt6pMzywTIAlpHcj4mfA**
1878981033,Completed,English (US),United States of America,UNITED STATES,http://middlebury.qualtrics.com/jfe/form/SV_0oZ5Lc5H2vl0EF8?psid=15nt6pMzywTlzHoq9dunMA**&1878981033,1/22/2021 19:34,1/22/2021 20:15,15nt6pMzywTlzHoq9dunMA**
1878986013,Completed,English (US),United States of America,UNITED STATES,http://middlebury.qualtrics.com/jfe/form/SV_0oZ5Lc5H2vl0EF8?psid=15nt6pMzywRNTOiHWOqBDg**&1878986013,1/22/2021 22:36,1/22/2021 23:15,15nt6pMzywRNTOiHWOqBDg**
1879105734,Completed,English (US),United States of America,UNITED STATES,http://middlebury.qualtrics.com/jfe/form/SV_0oZ5Lc5H2vl0EF8?psid=15nt6pMzywSuAD-HWE1BfA**&1879105734,1/24/2021 14:10,1/24/2021 14:25,15nt6pMzywSuAD-HWE1BfA**
1879146320,Completed,English (US),United States of America,UNITED STATES,http://middlebury.qualtrics.com/jfe/form/SV_0oZ5Lc5H2vl0EF8?psid=15nt6pMzywRH33D5jXfHnw**&1879146320,1/24/2021 23:17,1/24/2021 23:23,15nt6pMzywRH33D5jXfHnw**
1879154366,Completed,English (US),United States of America,UNITED STATES,http://middlebury.qualtrics.com/jfe/form/SV_0oZ5Lc5H2vl0EF8?psid=15nt6pMzywQGLS_pfEe5vQ**&1879154366,1/22/2021 9:56,1/22/2021 10:02,15nt6pMzywQGLS_pfEe5vQ**
1879269116,Completed,English (US),United States of America,UNITED STATES,http://middlebury.qualtrics.com/jfe/form/SV_0oZ5Lc5H2vl0EF8?psid=15nt6pMzywSJ-wVcyeO-Dg**&1879269116,1/24/2021 8:48,1/24/2021 8:59,15nt6pMzywSJ-wVcyeO-Dg**
1879556529,Completed,English (US),United States of America,UNITED STATES,http://middlebury.qualtrics.com/jfe/form/SV_0oZ5Lc5H2vl0EF8?psid=15nt6pMzywSYURI0VLU5xA**&1879556529,1/24/2021 15:58,1/24/2021 18:01,15nt6pMzywSYURI0VLU5xA**
1879818105,Completed,English (US),United States of America,UNITED STATES,http://middlebury.qualtrics.com/jfe/form/SV_0oZ5Lc5H2vl0EF8?psid=15nt6pMzywQdigNCkf7qOg**&1879818105,1/18/2021 23:15,1/18/2021 23:33,15nt6pMzywQdigNCkf7qOg**
1879822297,Completed,English (US),United States of America,UNITED STATES,http://middlebury.qualtrics.com/jfe/form/SV_0oZ5Lc5H2vl0EF8?psid=15nt6pMzywTxwIfQigjx0A**&1879822297,1/18/2021 8:51,1/18/2021 9:12,15nt6pMzywTxwIfQigjx0A**
1879833003,Completed,English (US),United States of America,UNITED STATES,http://middlebury.qualtrics.com/jfe/form/SV_0oZ5Lc5H2vl0EF8?psid=15nt6pMzywQF-rHZYLKYSQ**&1879833003,1/24/2021 0:43,1/24/2021 1:20,15nt6pMzywQF-rHZYLKYSQ**
1879982273,Completed,English (US),United States of America,UNITED STATES,http://middlebury.qualtrics.com/jfe/form/SV_0oZ5Lc5H2vl0EF8?psid=15nt6pMzywRSRwQ87vuZNQ**&1879982273,1/23/2021 21:41,1/23/2021 23:53,15nt6pMzywRSRwQ87vuZNQ**
1879999996,Completed,English (US),United States of America,UNITED STATES,http://middlebury.qualtrics.com/jfe/form/SV_0oZ5Lc5H2vl0EF8?psid=15nt6pMzywRGfLs0U9MfNA**&1879999996,1/24/2021 17:14,1/24/2021 17:22,15nt6pMzywRGfLs0U9MfNA**
1880028647,Completed,English (US),United States of America,UNITED STATES,http://middlebury.qualtrics.com/jfe/form/SV_0oZ5Lc5H2vl0EF8?psid=15nt6pMzywTVYiCR77na8g**&1880028647,1/19/2021 12:06,1/19/2021 13:12,15nt6pMzywTVYiCR77na8g**
1880035636,Completed,English (US),United States of America,UNITED STATES,http://middlebury.qualtrics.com/jfe/form/SV_0oZ5Lc5H2vl0EF8?psid=15nt6pMzywTVWBRLxNvaow**&1880035636,1/24/2021 14:51,1/24/2021 18:14,15nt6pMzywTVWBRLxNvaow**
1880038418,Completed,English (US),United States of America,UNITED STATES,http://middlebury.qualtrics.com/jfe/form/SV_0oZ5Lc5H2vl0EF8?psid=15nt6pMzywTY8JvQCEm7IA**&1880038418,1/24/2021 16:37,1/24/2021 20:53,15nt6pMzywTY8JvQCEm7IA**
1880042538,Completed,English (US),United States of America,UNITED STATES,http://middlebury.qualtrics.com/jfe/form/SV_0oZ5Lc5H2vl0EF8?psid=15nt6pMzywQopQECbA8oKA**&1880042538,1/19/2021 16:17,1/19/2021 16:30,15nt6pMzywQopQECbA8oKA**
1880084839,Completed,English (US),United States of America,,http://middlebury.qualtrics.com/jfe/form/SV_0oZ5Lc5H2vl0EF8?psid=15nt6pMzywS6dRwdaQRxzQ**&1880084839,1/18/2021 14:07,1/18/2021 14:18,15nt6pMzywS6dRwdaQRxzQ**
1880086133,Completed,English (US),United States of America,UNITED STATES,http://middlebury.qualtrics.com/jfe/form/SV_0oZ5Lc5H2vl0EF8?psid=15nt6pMzywTrdeppHG-6RA**&1880086133,1/18/2021 12:55,1/18/2021 13:02,15nt6pMzywTrdeppHG-6RA**
1880088342,Completed,English (US),United States of America,UNITED STATES,http://middlebury.qualtrics.com/jfe/form/SV_0oZ5Lc5H2vl0EF8?psid=15nt6pMzywRgU0SQQzB89w**&1880088342,1/18/2021 12:38,1/18/2021 13:04,15nt6pMzywRgU0SQQzB89w**
1880104555,Completed,English (US),United States of America,UNITED STATES,http://middlebury.qualtrics.com/jfe/form/SV_0oZ5Lc5H2vl0EF8?psid=15nt6pMzywQFl1yTXjXrHw**&1880104555,1/18/2021 13:53,1/18/2021 14:05,15nt6pMzywQFl1yTXjXrHw**
1880153003,Completed,English (US),United States of America,UNITED STATES,http://middlebury.qualtrics.com/jfe/form/SV_0oZ5Lc5H2vl0EF8?psid=15nt6pMzywS7fXrEK7A1jQ**&1880153003,1/18/2021 15:25,1/18/2021 15:41,15nt6pMzywS7fXrEK7A1jQ**
1880155294,Completed,English (US),United States of America,UNITED STATES,http://middlebury.qualtrics.com/jfe/form/SV_0oZ5Lc5H2vl0EF8?psid=15nt6pMzywS6Wi6VU_cwaw**&1880155294,1/24/2021 17:52,1/24/2021 17:58,15nt6pMzywS6Wi6VU_cwaw**
1880188996,Completed,English (US),United States of America,UNITED STATES,http://middlebury.qualtrics.com/jfe/form/SV_0oZ5Lc5H2vl0EF8?psid=15nt6pMzywQDEHdn_GnATw**&1880188996,1/18/2021 17:03,1/18/2021 17:26,15nt6pMzywQDEHdn_GnATw**
1880206216,Completed,English (US),United States of America,UNITED STATES,http://middlebury.qualtrics.com/jfe/form/SV_0oZ5Lc5H2vl0EF8?psid=15nt6pMzywTZ6cUJ-g52Cw**&1880206216,1/18/2021 16:28,1/18/2021 16:48,15nt6pMzywTZ6cUJ-g52Cw**
1880213622,Completed,English (US),United States of America,UNITED STATES,http://middlebury.qualtrics.com/jfe/form/SV_0oZ5Lc5H2vl0EF8?psid=15nt6pMzywRVU7OEcYRmEQ**&1880213622,1/18/2021 16:25,1/18/2021 16:36,15nt6pMzywRVU7OEcYRmEQ**
1880213921,Completed,English (US),United States of America,UNITED STATES,http://middlebury.qualtrics.com/jfe/form/SV_0oZ5Lc5H2vl0EF8?psid=15nt6pMzywTCeHqVJz7McA**&1880213921,1/18/2021 16:27,1/18/2021 17:00,15nt6pMzywTCeHqVJz7McA**
1880224005,Completed,English (US),United States of America,UNITED STATES,http://middlebury.qualtrics.com/jfe/form/SV_0oZ5Lc5H2vl0EF8?psid=15nt6pMzywQziE687RsK9g**&1880224005,1/18/2021 16:44,1/18/2021 16:58,15nt6pMzywQziE687RsK9g**
1880239092,Completed,English (US),United States of America,UNITED STATES,http://middlebury.qualtrics.com/jfe/form/SV_0oZ5Lc5H2vl0EF8?psid=15nt6pMzywQMOn_hB93kfA**&1880239092,1/18/2021 17:16,1/18/2021 17:36,15nt6pMzywQMOn_hB93kfA**
1880271225,Completed,English (US),United States of America,UNITED STATES,http://middlebury.qualtrics.com/jfe/form/SV_0oZ5Lc5H2vl0EF8?psid=15nt6pMzywQGGkhh8NH04g**&1880271225,1/18/2021 18:17,1/18/2021 18:38,15nt6pMzywQGGkhh8NH04g**
1880275363,Completed,English (US),United States of America,,http://middlebury.qualtrics.com/jfe/form/SV_0oZ5Lc5H2vl0EF8?psid=15nt6pMzywQWDxYJElOGHA**&1880275363,1/18/2021 19:07,1/18/2021 19:19,15nt6pMzywQWDxYJElOGHA**
1880301080,Completed,English (US),United States of America,UNITED STATES,http://middlebury.qualtrics.com/jfe/form/SV_0oZ5Lc5H2vl0EF8?psid=15nt6pMzywSYF6ub5Y9kQA**&1880301080,1/19/2021 20:25,1/19/2021 20:48,15nt6pMzywSYF6ub5Y9kQA**
1880305232,Completed,English (US),United States of America,UNITED STATES,http://middlebury.qualtrics.com/jfe/form/SV_0oZ5Lc5H2vl0EF8?psid=15nt6pMzywQDf1LqoxIcLA**&1880305232,1/18/2021 19:35,1/18/2021 19:50,15nt6pMzywQDf1LqoxIcLA**
1880311797,Completed,English (US),United States of America,UNITED STATES,http://middlebury.qualtrics.com/jfe/form/SV_0oZ5Lc5H2vl0EF8?psid=15nt6pMzywT0-ObWs_EoRw**&1880311797,1/26/2021 2:26,1/26/2021 2:32,15nt6pMzywT0-ObWs_EoRw**
1880317589,Completed,English (US),United States of America,UNITED STATES,http://middlebury.qualtrics.com/jfe/form/SV_0oZ5Lc5H2vl0EF8?psid=15nt6pMzywQVmbm7pHjcYA**&1880317589,1/18/2021 19:53,1/18/2021 20:07,15nt6pMzywQVmbm7pHjcYA**
1880324272,Completed,English (US),United States of America,UNITED STATES,http://middlebury.qualtrics.com/jfe/form/SV_0oZ5Lc5H2vl0EF8?psid=15nt6pMzywRJPT1WYTBBtw**&1880324272,1/18/2021 20:05,1/18/2021 20:49,15nt6pMzywRJPT1WYTBBtw**
1880326850,Completed,English (US),United States of America,UNITED STATES,http://middlebury.qualtrics.com/jfe/form/SV_0oZ5Lc5H2vl0EF8?psid=15nt6pMzywQUYWZO8d8B5g**&1880326850,1/18/2021 20:34,1/18/2021 20:50,15nt6pMzywQUYWZO8d8B5g**
1880327644,Completed,English (US),United States of America,UNITED STATES,http://middlebury.qualtrics.com/jfe/form/SV_0oZ5Lc5H2vl0EF8?psid=15nt6pMzywS8jT56IwJf9g**&1880327644,1/18/2021 20:14,1/18/2021 20:38,15nt6pMzywS8jT56IwJf9g**
1880339818,Completed,English (US),United States of America,UNITED STATES,http://middlebury.qualtrics.com/jfe/form/SV_0oZ5Lc5H2vl0EF8?psid=15nt6pMzywT_d4JX3vw3tQ**&1880339818,1/18/2021 20:37,1/18/2021 21:08,15nt6pMzywT_d4JX3vw3tQ**
1880352089,Completed,English (US),United States of America,UNITED STATES,http://middlebury.qualtrics.com/jfe/form/SV_0oZ5Lc5H2vl0EF8?psid=15nt6pMzywSb5E5-2s8S8A**&1880352089,1/18/2021 21:05,1/18/2021 21:15,15nt6pMzywSb5E5-2s8S8A**
1880355851,Completed,English (US),United States of America,UNITED STATES,http://middlebury.qualtrics.com/jfe/form/SV_0oZ5Lc5H2vl0EF8?psid=15nt6pMzywRHPSHkwUNaUA**&1880355851,1/18/2021 21:06,1/18/2021 21:23,15nt6pMzywRHPSHkwUNaUA**
1880358497,Completed,English (US),United States of America,UNITED STATES,http://middlebury.qualtrics.com/jfe/form/SV_0oZ5Lc5H2vl0EF8?psid=15nt6pMzywS9uO9_j422Hw**&1880358497,1/18/2021 21:11,1/18/2021 21:28,15nt6pMzywS9uO9_j422Hw**
1880359735,Completed,English (US),United States of America,UNITED STATES,http://middlebury.qualtrics.com/jfe/form/SV_0oZ5Lc5H2vl0EF8?psid=15nt6pMzywR936IQcU62HQ**&1880359735,1/18/2021 21:14,1/18/2021 21:36,15nt6pMzywR936IQcU62HQ**
1880361598,Completed,English (US),United States of America,UNITED STATES,http://middlebury.qualtrics.com/jfe/form/SV_0oZ5Lc5H2vl0EF8?psid=15nt6pMzywRxNl7fBloQ1A**&1880361598,1/18/2021 21:17,1/18/2021 22:21,15nt6pMzywRxNl7fBloQ1A**
1880363270,Completed,English (US),United States of America,UNITED STATES,http://middlebury.qualtrics.com/jfe/form/SV_0oZ5Lc5H2vl0EF8?psid=15nt6pMzywQxU4Y4FptWmQ**&1880363270,1/18/2021 21:21,1/18/2021 21:44,15nt6pMzywQxU4Y4FptWmQ**
1880363597,Completed,English (US),United States of America,UNITED STATES,http://middlebury.qualtrics.com/jfe/form/SV_0oZ5Lc5H2vl0EF8?psid=15nt6pMzywQ9GGYnUxuCaQ**&1880363597,1/18/2021 21:22,1/18/2021 22:53,15nt6pMzywQ9GGYnUxuCaQ**
1880366931,Completed,English (US),United States of America,UNITED STATES,http://middlebury.qualtrics.com/jfe/form/SV_0oZ5Lc5H2vl0EF8?psid=15nt6pMzywTDVUxLqz1Abg**&1880366931,1/18/2021 21:29,1/18/2021 21:51,15nt6pMzywTDVUxLqz1Abg**
1880370227,Completed,English (US),United States of America,UNITED STATES,http://middlebury.qualtrics.com/jfe/form/SV_0oZ5Lc5H2vl0EF8?psid=15nt6pMzywQnnrQVbDF_ig**&1880370227,1/19/2021 15:56,1/19/2021 16:16,15nt6pMzywQnnrQVbDF_ig**
1880372320,Completed,English (US),United States of America,UNITED STATES,http://middlebury.qualtrics.com/jfe/form/SV_0oZ5Lc5H2vl0EF8?psid=15nt6pMzywT29fB5VdHB1g**&1880372320,1/18/2021 21:38,1/18/2021 22:09,15nt6pMzywT29fB5VdHB1g**
1880372421,Completed,English (US),United States of America,UNITED STATES,http://middlebury.qualtrics.com/jfe/form/SV_0oZ5Lc5H2vl0EF8?psid=15nt6pMzywQDAq54Nj05eQ**&1880372421,1/18/2021 21:38,1/18/2021 22:06,15nt6pMzywQDAq54Nj05eQ**
1880373012,Completed,English (US),United States of America,UNITED STATES,http://middlebury.qualtrics.com/jfe/form/SV_0oZ5Lc5H2vl0EF8?psid=15nt6pMzywTokd3CI2mh0g**&1880373012,1/18/2021 21:39,1/18/2021 21:53,15nt6pMzywTokd3CI2mh0g**
1880373112,Completed,English (US),United States of America,UNITED STATES,http://middlebury.qualtrics.com/jfe/form/SV_0oZ5Lc5H2vl0EF8?psid=15nt6pMzywSm_x7eTazn7Q**&1880373112,1/18/2021 21:40,1/18/2021 22:16,15nt6pMzywSm_x7eTazn7Q**
1880374746,Completed,English (US),United States of America,UNITED STATES,http://middlebury.qualtrics.com/jfe/form/SV_0oZ5Lc5H2vl0EF8?psid=15nt6pMzywTI8kHq-H2lyA**&1880374746,1/18/2021 21:42,1/18/2021 22:04,15nt6pMzywTI8kHq-H2lyA**
1880379896,Completed,English (US),United States of America,UNITED STATES,http://middlebury.qualtrics.com/jfe/form/SV_0oZ5Lc5H2vl0EF8?psid=15nt6pMzywR-Hq8ZbulvvA**&1880379896,1/18/2021 21:51,1/18/2021 22:13,15nt6pMzywR-Hq8ZbulvvA**
1880383709,Completed,English (US),United States of America,UNITED STATES,http://middlebury.qualtrics.com/jfe/form/SV_0oZ5Lc5H2vl0EF8?psid=15nt6pMzywTpnyYj26GL-Q**&1880383709,1/18/2021 21:58,1/18/2021 23:10,15nt6pMzywTpnyYj26GL-Q**
1880386726,Completed,English (US),United States of America,UNITED STATES,http://middlebury.qualtrics.com/jfe/form/SV_0oZ5Lc5H2vl0EF8?psid=15nt6pMzywQd-8h1_wrp3Q**&1880386726,1/18/2021 22:04,1/18/2021 22:19,15nt6pMzywQd-8h1_wrp3Q**
1880387697,Completed,English (US),United States of America,UNITED STATES,http://middlebury.qualtrics.com/jfe/form/SV_0oZ5Lc5H2vl0EF8?psid=15nt6pMzywSoOKDGmajGIA**&1880387697,1/18/2021 22:06,1/18/2021 22:29,15nt6pMzywSoOKDGmajGIA**
1880395259,Completed,English (US),United States of America,UNITED STATES,http://middlebury.qualtrics.com/jfe/form/SV_0oZ5Lc5H2vl0EF8?psid=15nt6pMzywR46eraXarhCA**&1880395259,1/18/2021 22:50,1/18/2021 23:07,15nt6pMzywR46eraXarhCA**
1880403765,Completed,English (US),United States of America,UNITED STATES,http://middlebury.qualtrics.com/jfe/form/SV_0oZ5Lc5H2vl0EF8?psid=15nt6pMzywRjciROtrm_0Q**&1880403765,1/23/2021 0:24,1/23/2021 0:41,15nt6pMzywRjciROtrm_0Q**
1880404479,Completed,English (US),United States of America,UNITED STATES,http://middlebury.qualtrics.com/jfe/form/SV_0oZ5Lc5H2vl0EF8?psid=15nt6pMzywQlWwgtQaoIXw**&1880404479,1/18/2021 22:53,1/18/2021 23:01,15nt6pMzywQlWwgtQaoIXw**
1880411958,Completed,English (US),United States of America,UNITED STATES,http://middlebury.qualtrics.com/jfe/form/SV_0oZ5Lc5H2vl0EF8?psid=15nt6pMzywSDIJsruABDtQ**&1880411958,1/18/2021 22:49,1/18/2021 23:11,15nt6pMzywSDIJsruABDtQ**
1880413848,Completed,English (US),United States of America,UNITED STATES,http://middlebury.qualtrics.com/jfe/form/SV_0oZ5Lc5H2vl0EF8?psid=15nt6pMzywRedoF3BYGiXQ**&1880413848,1/18/2021 22:51,1/18/2021 23:09,15nt6pMzywRedoF3BYGiXQ**
1880415804,Completed,English (US),United States of America,UNITED STATES,http://middlebury.qualtrics.com/jfe/form/SV_0oZ5Lc5H2vl0EF8?psid=15nt6pMzywS-T7QuQpe4wg**&1880415804,1/18/2021 22:55,1/18/2021 23:33,15nt6pMzywS-T7QuQpe4wg**
1880418629,Completed,English (US),United States of America,UNITED STATES,http://middlebury.qualtrics.com/jfe/form/SV_0oZ5Lc5H2vl0EF8?psid=15nt6pMzywTtsCl5Hu09Nw**&1880418629,1/24/2021 13:19,1/24/2021 15:50,15nt6pMzywTtsCl5Hu09Nw**
1880419889,Completed,English (US),United States of America,UNITED STATES,http://middlebury.qualtrics.com/jfe/form/SV_0oZ5Lc5H2vl0EF8?psid=15nt6pMzywTgeGYot6DjVg**&1880419889,1/18/2021 23:02,1/18/2021 23:15,15nt6pMzywTgeGYot6DjVg**
1880424172,Completed,English (US),United States of America,UNITED STATES,http://middlebury.qualtrics.com/jfe/form/SV_0oZ5Lc5H2vl0EF8?psid=15nt6pMzywSzPSfkECrftw**&1880424172,1/18/2021 23:09,1/18/2021 23:28,15nt6pMzywSzPSfkECrftw**
1880426064,Completed,English (US),United States of America,UNITED STATES,http://middlebury.qualtrics.com/jfe/form/SV_0oZ5Lc5H2vl0EF8?psid=15nt6pMzywQzVqF1PUgZsA**&1880426064,1/23/2021 2:46,1/23/2021 3:17,15nt6pMzywQzVqF1PUgZsA**
1880429864,Completed,English (US),United States of America,UNITED STATES,http://middlebury.qualtrics.com/jfe/form/SV_0oZ5Lc5H2vl0EF8?psid=15nt6pMzywRaQCnDLoAOAw**&1880429864,1/18/2021 23:19,1/19/2021 0:03,15nt6pMzywRaQCnDLoAOAw**
1880432378,Completed,English (US),United States of America,UNITED STATES,http://middlebury.qualtrics.com/jfe/form/SV_0oZ5Lc5H2vl0EF8?psid=15nt6pMzywSEa_5x5R87sQ**&1880432378,1/18/2021 23:23,1/18/2021 23:36,15nt6pMzywSEa_5x5R87sQ**
1880437210,Completed,English (US),United States of America,UNITED STATES,http://middlebury.qualtrics.com/jfe/form/SV_0oZ5Lc5H2vl0EF8?psid=15nt6pMzywSZ7s-YJVi1ew**&1880437210,1/18/2021 23:31,1/18/2021 23:56,15nt6pMzywSZ7s-YJVi1ew**
1880437640,Completed,English (US),United States of America,UNITED STATES,http://middlebury.qualtrics.com/jfe/form/SV_0oZ5Lc5H2vl0EF8?psid=15nt6pMzywTzRVabwgqRuA**&1880437640,1/18/2021 23:32,1/19/2021 0:03,15nt6pMzywTzRVabwgqRuA**
1880440463,Completed,English (US),United States of America,UNITED STATES,http://middlebury.qualtrics.com/jfe/form/SV_0oZ5Lc5H2vl0EF8?psid=15nt6pMzywSpCWKJlVLR_g**&1880440463,1/18/2021 23:37,1/19/2021 0:14,15nt6pMzywSpCWKJlVLR_g**
1880441187,Completed,English (US),United States of America,UNITED STATES,http://middlebury.qualtrics.com/jfe/form/SV_0oZ5Lc5H2vl0EF8?psid=15nt6pMzywR3-vkTWkxA6w**&1880441187,1/18/2021 23:38,1/19/2021 9:53,15nt6pMzywR3-vkTWkxA6w**
1880442560,Completed,English (US),United States of America,UNITED STATES,http://middlebury.qualtrics.com/jfe/form/SV_0oZ5Lc5H2vl0EF8?psid=15nt6pMzywRrXxYyW8fEQg**&1880442560,1/18/2021 23:41,1/19/2021 0:29,15nt6pMzywRrXxYyW8fEQg**
1880445103,Completed,English (US),United States of America,UNITED STATES,http://middlebury.qualtrics.com/jfe/form/SV_0oZ5Lc5H2vl0EF8?psid=15nt6pMzywTdUm-Hz6ebNg**&1880445103,1/23/2021 5:24,1/23/2021 5:48,15nt6pMzywTdUm-Hz6ebNg**
1880446235,Completed,English (US),United States of America,UNITED STATES,http://middlebury.qualtrics.com/jfe/form/SV_0oZ5Lc5H2vl0EF8?psid=15nt6pMzywQfZGJjFKXm9Q**&1880446235,1/18/2021 23:49,1/19/2021 0:05,15nt6pMzywQfZGJjFKXm9Q**
1880447040,Completed,English (US),United States of America,UNITED STATES,http://middlebury.qualtrics.com/jfe/form/SV_0oZ5Lc5H2vl0EF8?psid=15nt6pMzywRbn3RqlhUD4Q**&1880447040,1/18/2021 23:51,1/19/2021 0:06,15nt6pMzywRbn3RqlhUD4Q**
1880453100,Completed,English (US),United States of America,UNITED STATES,http://middlebury.qualtrics.com/jfe/form/SV_0oZ5Lc5H2vl0EF8?psid=15nt6pMzywShMj4zZML4cg**&1880453100,1/19/2021 0:02,1/19/2021 0:32,15nt6pMzywShMj4zZML4cg**
1880453543,Completed,English (US),United States of America,UNITED STATES,http://middlebury.qualtrics.com/jfe/form/SV_0oZ5Lc5H2vl0EF8?psid=15nt6pMzywTGzKkCC_fipA**&1880453543,1/19/2021 0:03,1/19/2021 0:40,15nt6pMzywTGzKkCC_fipA**
1880466950,Completed,English (US),United States of America,UNITED STATES,http://middlebury.qualtrics.com/jfe/form/SV_0oZ5Lc5H2vl0EF8?psid=15nt6pMzywTBN3C9FR-rRQ**&1880466950,1/23/2021 7:38,1/23/2021 8:02,15nt6pMzywTBN3C9FR-rRQ**
1880587783,Completed,English (US),United States of America,UNITED STATES,http://middlebury.qualtrics.com/jfe/form/SV_0oZ5Lc5H2vl0EF8?psid=15nt6pMzywQsX5a-IGm-9A**&1880587783,1/19/2021 9:44,1/19/2021 9:57,15nt6pMzywQsX5a-IGm-9A**
1880759096,Completed,English (US),United States of America,UNITED STATES,http://middlebury.qualtrics.com/jfe/form/SV_0oZ5Lc5H2vl0EF8?psid=15nt6pMzywRtDTOyccDhsg**&1880759096,1/19/2021 12:41,1/19/2021 13:03,15nt6pMzywRtDTOyccDhsg**
1880789770,Completed,English (US),United States of America,UNITED STATES,http://middlebury.qualtrics.com/jfe/form/SV_0oZ5Lc5H2vl0EF8?psid=15nt6pMzywRxkZHvytyN_w**&1880789770,1/19/2021 12:04,1/19/2021 12:18,15nt6pMzywRxkZHvytyN_w**
1880809608,Completed,English (US),United States of America,UNITED STATES,http://middlebury.qualtrics.com/jfe/form/SV_0oZ5Lc5H2vl0EF8?psid=15nt6pMzywTRMxrD8lnwLQ**&1880809608,1/21/2021 11:33,1/21/2021 12:10,15nt6pMzywTRMxrD8lnwLQ**
1880831952,Completed,English (US),United States of America,UNITED STATES,http://middlebury.qualtrics.com/jfe/form/SV_0oZ5Lc5H2vl0EF8?psid=15nt6pMzywTZbyrCygc6mQ**&1880831952,1/19/2021 14:23,1/19/2021 14:51,15nt6pMzywTZbyrCygc6mQ**
1880874134,Completed,English (US),United States of America,UNITED STATES,http://middlebury.qualtrics.com/jfe/form/SV_0oZ5Lc5H2vl0EF8?psid=15nt6pMzywSsONA4lv_acQ**&1880874134,1/19/2021 14:40,1/19/2021 14:52,15nt6pMzywSsONA4lv_acQ**
1880889247,Completed,English (US),United States of America,UNITED STATES,http://middlebury.qualtrics.com/jfe/form/SV_0oZ5Lc5H2vl0EF8?psid=15nt6pMzywRUIpd4j9cJmw**&1880889247,1/19/2021 15:44,1/19/2021 16:02,15nt6pMzywRUIpd4j9cJmw**
1880899204,Completed,English (US),United States of America,UNITED STATES,http://middlebury.qualtrics.com/jfe/form/SV_0oZ5Lc5H2vl0EF8?psid=15nt6pMzywSUJ241y5xMVA**&1880899204,1/19/2021 17:15,1/19/2021 17:32,15nt6pMzywSUJ241y5xMVA**
1880909029,Completed,English (US),United States of America,UNITED STATES,http://middlebury.qualtrics.com/jfe/form/SV_0oZ5Lc5H2vl0EF8?psid=15nt6pMzywTYJiTcFy_IeQ**&1880909029,1/19/2021 15:32,1/19/2021 15:48,15nt6pMzywTYJiTcFy_IeQ**
1880919990,Completed,English (US),United States of America,UNITED STATES,http://middlebury.qualtrics.com/jfe/form/SV_0oZ5Lc5H2vl0EF8?psid=15nt6pMzywQckJmbT6QeCA**&1880919990,1/19/2021 16:07,1/19/2021 16:21,15nt6pMzywQckJmbT6QeCA**
1880955037,Completed,English (US),United States of America,UNITED STATES,http://middlebury.qualtrics.com/jfe/form/SV_0oZ5Lc5H2vl0EF8?psid=15nt6pMzywR111YJn4Iqig**&1880955037,1/19/2021 17:13,1/19/2021 17:20,15nt6pMzywR111YJn4Iqig**
1880997326,Completed,English (US),United States of America,UNITED STATES,http://middlebury.qualtrics.com/jfe/form/SV_0oZ5Lc5H2vl0EF8?psid=15nt6pMzywTDn2M7PdddbA**&1880997326,1/19/2021 19:18,1/19/2021 19:31,15nt6pMzywTDn2M7PdddbA**
1881047189,Completed,English (US),United States of America,UNITED STATES,http://middlebury.qualtrics.com/jfe/form/SV_0oZ5Lc5H2vl0EF8?psid=15nt6pMzywTyQptcWH6grg**&1881047189,1/19/2021 20:11,1/19/2021 20:47,15nt6pMzywTyQptcWH6grg**
1881053840,Completed,English (US),United States of America,UNITED STATES,http://middlebury.qualtrics.com/jfe/form/SV_0oZ5Lc5H2vl0EF8?psid=15nt6pMzywTDO7X_uvHSmw**&1881053840,1/19/2021 20:27,1/19/2021 20:42,15nt6pMzywTDO7X_uvHSmw**
1881056246,Completed,English (US),United States of America,UNITED STATES,http://middlebury.qualtrics.com/jfe/form/SV_0oZ5Lc5H2vl0EF8?psid=15nt6pMzywTRQ3J4i0tqHg**&1881056246,1/19/2021 20:28,1/19/2021 20:49,15nt6pMzywTRQ3J4i0tqHg**
1881083869,Completed,English (US),United States of America,UNITED STATES,http://middlebury.qualtrics.com/jfe/form/SV_0oZ5Lc5H2vl0EF8?psid=15nt6pMzywTmPvrSrvX-ZA**&1881083869,1/19/2021 21:21,1/19/2021 21:28,15nt6pMzywTmPvrSrvX-ZA**
1881645786,Completed,English (US),United States of America,UNITED STATES,http://middlebury.qualtrics.com/jfe/form/SV_0oZ5Lc5H2vl0EF8?psid=15nt6pMzywTmTaYcWRO0Nw**&1881645786,1/20/2021 16:11,1/20/2021 16:28,15nt6pMzywTmTaYcWRO0Nw**
1881783260,Completed,English (US),United States of America,UNITED STATES,http://middlebury.qualtrics.com/jfe/form/SV_0oZ5Lc5H2vl0EF8?psid=15nt6pMzywSzESsONdAvew**&1881783260,1/23/2021 4:38,1/23/2021 5:00,15nt6pMzywSzESsONdAvew**
1882070160,Completed,English (US),United States of America,UNITED STATES,http://middlebury.qualtrics.com/jfe/form/SV_0oZ5Lc5H2vl0EF8?psid=15nt6pMzywQecY7CsQ8jag**&1882070160,1/21/2021 6:51,1/21/2021 7:00,15nt6pMzywQecY7CsQ8jag**
1882416450,Completed,English (US),United States of America,UNITED STATES,http://middlebury.qualtrics.com/jfe/form/SV_0oZ5Lc5H2vl0EF8?psid=15nt6pMzywQ_JV7Gvba5nw**&1882416450,1/21/2021 18:47,1/21/2021 18:56,15nt6pMzywQ_JV7Gvba5nw**
1883242688,Completed,English (US),United States of America,UNITED STATES,http://middlebury.qualtrics.com/jfe/form/SV_0oZ5Lc5H2vl0EF8?psid=15nt6pMzywQIpcbOc4sGZQ**&1883242688,1/22/2021 22:30,1/22/2021 22:46,15nt6pMzywQIpcbOc4sGZQ**
